global_step,autocurriculum_max_active_size,autocurriculum_mean_active_size,autocurriculum_completed_stages,delivery_events,pickup_events,env_return,episode_return,wandb_run_url
1280.0,4.0,4.0,0.0,20.0,30.0,1.25,1.71875,https://wandb.ai/jerefigueiredo-universidad-de-san-andr-s/cool-antz/runs/e5ymgvil
25600.0,7.0,6.253125190734863,1.0,12.0,9.0,0.75,0.890625,https://wandb.ai/jerefigueiredo-universidad-de-san-andr-s/cool-antz/runs/e5ymgvil
51200.0,9.0,7.666406154632568,2.0,6.0,9.0,0.375,0.515625,https://wandb.ai/jerefigueiredo-universidad-de-san-andr-s/cool-antz/runs/e5ymgvil
76800.0,10.0,8.75,0.0,3.0,4.0,0.1875,0.25,https://wandb.ai/jerefigueiredo-universidad-de-san-andr-s/cool-antz/runs/e5ymgvil
102400.0,10.0,9.375,0.0,2.0,6.0,0.125,0.21875,https://wandb.ai/jerefigueiredo-universidad-de-san-andr-s/cool-antz/runs/e5ymgvil
128000.0,11.0,9.9375,0.0,2.0,5.0,0.125,0.203125,https://wandb.ai/jerefigueiredo-universidad-de-san-andr-s/cool-antz/runs/e5ymgvil
153600.0,11.0,10.6875,0.0,2.0,2.0,0.125,0.15625,https://wandb.ai/jerefigueiredo-universidad-de-san-andr-s/cool-antz/runs/e5ymgvil
179200.0,8.0,6.431250095367432,1.0,13.0,11.0,0.8125,0.984375,https://wandb.ai/jerefigueiredo-universidad-de-san-andr-s/cool-antz/runs/e5ymgvil
204800.0,10.0,8.6875,0.0,6.0,8.0,0.375,0.5,https://wandb.ai/jerefigueiredo-universidad-de-san-andr-s/cool-antz/runs/e5ymgvil
230400.0,11.0,9.881250381469727,1.0,7.0,5.0,0.4375,0.515625,https://wandb.ai/jerefigueiredo-universidad-de-san-andr-s/cool-antz/runs/e5ymgvil
256000.0,12.0,11.068750381469727,1.0,4.0,3.0,0.25,0.296875,https://wandb.ai/jerefigueiredo-universidad-de-san-andr-s/cool-antz/runs/e5ymgvil
281600.0,14.0,12.108593940734863,2.0,5.0,6.0,0.3125,0.40625,https://wandb.ai/jerefigueiredo-universidad-de-san-andr-s/cool-antz/runs/e5ymgvil
307200.0,15.0,13.43515682220459,3.0,5.0,4.0,0.3125,0.375,https://wandb.ai/jerefigueiredo-universidad-de-san-andr-s/cool-antz/runs/e5ymgvil
332800.0,7.0,6.046875,2.0,17.0,16.0,1.0625,1.3125,https://wandb.ai/jerefigueiredo-universidad-de-san-andr-s/cool-antz/runs/e5ymgvil
358400.0,11.0,9.06406307220459,3.0,13.0,14.0,0.8125,1.03125,https://wandb.ai/jerefigueiredo-universidad-de-san-andr-s/cool-antz/runs/e5ymgvil
384000.0,13.0,10.5859375,1.0,7.0,6.0,0.4375,0.53125,https://wandb.ai/jerefigueiredo-universidad-de-san-andr-s/cool-antz/runs/e5ymgvil
409600.0,14.0,11.9375,0.0,10.0,7.0,0.625,0.734375,https://wandb.ai/jerefigueiredo-universidad-de-san-andr-s/cool-antz/runs/e5ymgvil
435200.0,15.0,13.354687690734863,2.0,3.0,3.0,0.1875,0.234375,https://wandb.ai/jerefigueiredo-universidad-de-san-andr-s/cool-antz/runs/e5ymgvil
460800.0,16.0,14.0,0.0,4.0,3.0,0.25,0.296875,https://wandb.ai/jerefigueiredo-universidad-de-san-andr-s/cool-antz/runs/e5ymgvil
486400.0,7.0,5.208593845367432,5.0,33.0,30.0,2.0625,2.53125,https://wandb.ai/jerefigueiredo-universidad-de-san-andr-s/cool-antz/runs/e5ymgvil
512000.0,10.0,7.670312404632568,2.0,5.0,10.0,0.3125,0.46875,https://wandb.ai/jerefigueiredo-universidad-de-san-andr-s/cool-antz/runs/e5ymgvil
537600.0,13.0,10.1875,0.0,12.0,7.0,0.75,0.859375,https://wandb.ai/jerefigueiredo-universidad-de-san-andr-s/cool-antz/runs/e5ymgvil
563200.0,14.0,12.05859375,2.0,10.0,9.0,0.625,0.765625,https://wandb.ai/jerefigueiredo-universidad-de-san-andr-s/cool-antz/runs/e5ymgvil
588800.0,15.0,13.4375,0.0,4.0,2.0,0.25,0.28125,https://wandb.ai/jerefigueiredo-universidad-de-san-andr-s/cool-antz/runs/e5ymgvil
614400.0,16.0,14.5625,0.0,8.0,7.0,0.5,0.609375,https://wandb.ai/jerefigueiredo-universidad-de-san-andr-s/cool-antz/runs/e5ymgvil
640000.0,17.0,15.6875,0.0,8.0,4.0,0.5,0.5625,https://wandb.ai/jerefigueiredo-universidad-de-san-andr-s/cool-antz/runs/e5ymgvil
665600.0,10.0,7.778125286102295,2.0,15.0,16.0,0.9375,1.1875,https://wandb.ai/jerefigueiredo-universidad-de-san-andr-s/cool-antz/runs/e5ymgvil
691200.0,13.0,10.02890682220459,3.0,10.0,11.0,0.625,0.796875,https://wandb.ai/jerefigueiredo-universidad-de-san-andr-s/cool-antz/runs/e5ymgvil
716800.0,14.0,11.68125057220459,1.0,10.0,9.0,0.625,0.765625,https://wandb.ai/jerefigueiredo-universidad-de-san-andr-s/cool-antz/runs/e5ymgvil
742400.0,16.0,13.34375,2.0,6.0,8.0,0.375,0.5,https://wandb.ai/jerefigueiredo-universidad-de-san-andr-s/cool-antz/runs/e5ymgvil
768000.0,17.0,14.9375,0.0,3.0,3.0,0.1875,0.234375,https://wandb.ai/jerefigueiredo-universidad-de-san-andr-s/cool-antz/runs/e5ymgvil
793600.0,18.0,15.9375,0.0,4.0,6.0,0.25,0.34375,https://wandb.ai/jerefigueiredo-universidad-de-san-andr-s/cool-antz/runs/e5ymgvil
819200.0,10.0,8.22265625,2.0,15.0,17.0,0.9375,1.203125,https://wandb.ai/jerefigueiredo-universidad-de-san-andr-s/cool-antz/runs/e5ymgvil
844800.0,13.0,10.754687309265137,2.0,12.0,12.0,0.75,0.9375,https://wandb.ai/jerefigueiredo-universidad-de-san-andr-s/cool-antz/runs/e5ymgvil
870400.0,14.0,12.553906440734863,1.0,11.0,11.0,0.6875,0.859375,https://wandb.ai/jerefigueiredo-universidad-de-san-andr-s/cool-antz/runs/e5ymgvil
896000.0,16.0,14.0625,0.0,3.0,4.0,0.1875,0.25,https://wandb.ai/jerefigueiredo-universidad-de-san-andr-s/cool-antz/runs/e5ymgvil
921600.0,17.0,15.75,0.0,5.0,6.0,0.3125,0.40625,https://wandb.ai/jerefigueiredo-universidad-de-san-andr-s/cool-antz/runs/e5ymgvil
947200.0,18.0,16.625,0.0,6.0,4.0,0.375,0.4375,https://wandb.ai/jerefigueiredo-universidad-de-san-andr-s/cool-antz/runs/e5ymgvil
972800.0,9.0,7.057031154632568,6.0,27.0,28.0,1.6875,2.125,https://wandb.ai/jerefigueiredo-universidad-de-san-andr-s/cool-antz/runs/e5ymgvil
998400.0,12.0,10.800000190734863,2.0,16.0,12.0,1.0,1.1875,https://wandb.ai/jerefigueiredo-universidad-de-san-andr-s/cool-antz/runs/e5ymgvil
1024000.0,14.0,13.0625,0.0,6.0,9.0,0.375,0.515625,https://wandb.ai/jerefigueiredo-universidad-de-san-andr-s/cool-antz/runs/e5ymgvil
1049600.0,16.0,14.521875381469727,1.0,5.0,3.0,0.3125,0.359375,https://wandb.ai/jerefigueiredo-universidad-de-san-andr-s/cool-antz/runs/e5ymgvil
1075200.0,17.0,16.0,0.0,3.0,7.0,0.1875,0.296875,https://wandb.ai/jerefigueiredo-universidad-de-san-andr-s/cool-antz/runs/e5ymgvil
1100800.0,18.0,17.13593864440918,1.0,11.0,11.0,0.6875,0.859375,https://wandb.ai/jerefigueiredo-universidad-de-san-andr-s/cool-antz/runs/e5ymgvil
1126400.0,7.0,5.436718940734863,5.0,37.0,38.0,2.3125,2.90625,https://wandb.ai/jerefigueiredo-universidad-de-san-andr-s/cool-antz/runs/e5ymgvil
1152000.0,12.0,9.925000190734863,2.0,17.0,18.0,1.0625,1.34375,https://wandb.ai/jerefigueiredo-universidad-de-san-andr-s/cool-antz/runs/e5ymgvil
1177600.0,14.0,12.33203125,2.0,5.0,6.0,0.3125,0.40625,https://wandb.ai/jerefigueiredo-universidad-de-san-andr-s/cool-antz/runs/e5ymgvil
1203200.0,15.0,13.875781059265137,2.0,8.0,6.0,0.5,0.59375,https://wandb.ai/jerefigueiredo-universidad-de-san-andr-s/cool-antz/runs/e5ymgvil
1228800.0,17.0,15.471875190734863,2.0,5.0,9.0,0.3125,0.453125,https://wandb.ai/jerefigueiredo-universidad-de-san-andr-s/cool-antz/runs/e5ymgvil
1254400.0,18.0,16.875,0.0,2.0,5.0,0.125,0.203125,https://wandb.ai/jerefigueiredo-universidad-de-san-andr-s/cool-antz/runs/e5ymgvil
1280000.0,19.0,17.971094131469727,3.0,5.0,6.0,0.3125,0.40625,https://wandb.ai/jerefigueiredo-universidad-de-san-andr-s/cool-antz/runs/e5ymgvil
