run_dir	family	evidence_files	summary	evaluation	train_result	config	plan	experiment_md	metrics_jsonl	metric_source	eval_mean_delivered_food	eval_mean_delivered_fraction	eval_success_rate	delivery_events	pickup_events	env_return	episode_return	final_mean_remaining_food	best_model_metric_value	global_step	update	num_updates
runs/autoresearch/forage_loop/DISTANCE_CAP12_BIGMAP_RARE_VISION2_RANDOM_SPAWN	bigmap-deployment-rendering	evaluation.json;experiment.md;plan.json;summary.json	runs/autoresearch/forage_loop/DISTANCE_CAP12_BIGMAP_RARE_VISION2_RANDOM_SPAWN/summary.json	runs/autoresearch/forage_loop/DISTANCE_CAP12_BIGMAP_RARE_VISION2_RANDOM_SPAWN/evaluation.json	.	.	runs/autoresearch/forage_loop/DISTANCE_CAP12_BIGMAP_RARE_VISION2_RANDOM_SPAWN/plan.json	runs/autoresearch/forage_loop/DISTANCE_CAP12_BIGMAP_RARE_VISION2_RANDOM_SPAWN/experiment.md	.	runs/autoresearch/forage_loop/DISTANCE_CAP12_BIGMAP_RARE_VISION2_RANDOM_SPAWN/evaluation.json	9.5	0.4130434782608696	0.020833333333333332	.	.	.	.	.	.	.	.	.
runs/autoresearch/forage_loop/DISTANCE_CAP12_SPEED_12A_550	ant-count-25x25-autoresearch	evaluation.json;experiment.md;plan.json;summary.json	runs/autoresearch/forage_loop/DISTANCE_CAP12_SPEED_12A_550/summary.json	runs/autoresearch/forage_loop/DISTANCE_CAP12_SPEED_12A_550/evaluation.json	.	.	runs/autoresearch/forage_loop/DISTANCE_CAP12_SPEED_12A_550/plan.json	runs/autoresearch/forage_loop/DISTANCE_CAP12_SPEED_12A_550/experiment.md	.	runs/autoresearch/forage_loop/DISTANCE_CAP12_SPEED_12A_550/evaluation.json	20.46875	0.889945652173913	0.3125	.	.	.	.	.	.	.	.	.
runs/autoresearch/forage_loop/DISTANCE_CAP16_SPEED_16A_550	ant-count-25x25-autoresearch	evaluation.json;experiment.md;plan.json;summary.json	runs/autoresearch/forage_loop/DISTANCE_CAP16_SPEED_16A_550/summary.json	runs/autoresearch/forage_loop/DISTANCE_CAP16_SPEED_16A_550/evaluation.json	.	.	runs/autoresearch/forage_loop/DISTANCE_CAP16_SPEED_16A_550/plan.json	runs/autoresearch/forage_loop/DISTANCE_CAP16_SPEED_16A_550/experiment.md	.	runs/autoresearch/forage_loop/DISTANCE_CAP16_SPEED_16A_550/evaluation.json	20.734375	0.9014945652173912	0.5625	.	.	.	.	.	.	.	.	.
runs/autoresearch/forage_loop/DISTANCE_CAP16_SPEED_TEMP_GRID	ant-count-25x25-autoresearch	evaluation.json;experiment.md;plan.json;summary.json	runs/autoresearch/forage_loop/DISTANCE_CAP16_SPEED_TEMP_GRID/summary.json	runs/autoresearch/forage_loop/DISTANCE_CAP16_SPEED_TEMP_GRID/evaluation.json	.	.	runs/autoresearch/forage_loop/DISTANCE_CAP16_SPEED_TEMP_GRID/plan.json	runs/autoresearch/forage_loop/DISTANCE_CAP16_SPEED_TEMP_GRID/experiment.md	.	runs/autoresearch/forage_loop/DISTANCE_CAP16_SPEED_TEMP_GRID/evaluation.json	21.28125	0.9252717391304348	0.515625	.	.	.	.	.	.	.	.	.
runs/autoresearch/forage_loop/DISTANCE_CAP24_SPEED_BEST_SELECT_430	ant-count-25x25-autoresearch	evaluation.json;experiment.md;plan.json;summary.json	runs/autoresearch/forage_loop/DISTANCE_CAP24_SPEED_BEST_SELECT_430/summary.json	runs/autoresearch/forage_loop/DISTANCE_CAP24_SPEED_BEST_SELECT_430/evaluation.json	.	.	runs/autoresearch/forage_loop/DISTANCE_CAP24_SPEED_BEST_SELECT_430/plan.json	runs/autoresearch/forage_loop/DISTANCE_CAP24_SPEED_BEST_SELECT_430/experiment.md	.	runs/autoresearch/forage_loop/DISTANCE_CAP24_SPEED_BEST_SELECT_430/evaluation.json	22.015625	0.9572010869565218	0.5546875	.	.	.	.	.	.	.	.	.
runs/autoresearch/forage_loop/DISTANCE_CAP24_SPEED_BEST_SELECT_CONFIRM_GRID	ant-count-25x25-autoresearch	evaluation.json;experiment.md;plan.json;summary.json	runs/autoresearch/forage_loop/DISTANCE_CAP24_SPEED_BEST_SELECT_CONFIRM_GRID/summary.json	runs/autoresearch/forage_loop/DISTANCE_CAP24_SPEED_BEST_SELECT_CONFIRM_GRID/evaluation.json	.	.	runs/autoresearch/forage_loop/DISTANCE_CAP24_SPEED_BEST_SELECT_CONFIRM_GRID/plan.json	runs/autoresearch/forage_loop/DISTANCE_CAP24_SPEED_BEST_SELECT_CONFIRM_GRID/experiment.md	.	runs/autoresearch/forage_loop/DISTANCE_CAP24_SPEED_BEST_SELECT_CONFIRM_GRID/evaluation.json	21.8359375	0.9493885869565217	0.48046875	.	.	.	.	.	.	.	.	.
runs/autoresearch/forage_loop/DISTANCE_CAP24_SPEED_BEST_SELECT_SEED2_430	ant-count-25x25-autoresearch	evaluation.json;experiment.md;plan.json;summary.json	runs/autoresearch/forage_loop/DISTANCE_CAP24_SPEED_BEST_SELECT_SEED2_430/summary.json	runs/autoresearch/forage_loop/DISTANCE_CAP24_SPEED_BEST_SELECT_SEED2_430/evaluation.json	.	.	runs/autoresearch/forage_loop/DISTANCE_CAP24_SPEED_BEST_SELECT_SEED2_430/plan.json	runs/autoresearch/forage_loop/DISTANCE_CAP24_SPEED_BEST_SELECT_SEED2_430/experiment.md	.	runs/autoresearch/forage_loop/DISTANCE_CAP24_SPEED_BEST_SELECT_SEED2_430/evaluation.json	21.578125	0.938179347826087	0.421875	.	.	.	.	.	.	.	.	.
runs/autoresearch/forage_loop/DISTANCE_CAP24_SPEED_BEST_SELECT_SEED2_CONFIRM_GRID	ant-count-25x25-autoresearch	evaluation.json;experiment.md;plan.json;summary.json	runs/autoresearch/forage_loop/DISTANCE_CAP24_SPEED_BEST_SELECT_SEED2_CONFIRM_GRID/summary.json	runs/autoresearch/forage_loop/DISTANCE_CAP24_SPEED_BEST_SELECT_SEED2_CONFIRM_GRID/evaluation.json	.	.	runs/autoresearch/forage_loop/DISTANCE_CAP24_SPEED_BEST_SELECT_SEED2_CONFIRM_GRID/plan.json	runs/autoresearch/forage_loop/DISTANCE_CAP24_SPEED_BEST_SELECT_SEED2_CONFIRM_GRID/experiment.md	.	runs/autoresearch/forage_loop/DISTANCE_CAP24_SPEED_BEST_SELECT_SEED2_CONFIRM_GRID/evaluation.json	21.46484375	0.9332540760869565	0.40625	.	.	.	.	.	.	.	.	.
runs/autoresearch/forage_loop/DISTANCE_CAP24_SPEED_COMPLETION3_BEST_SELECT_430	ant-count-25x25-autoresearch	evaluation.json;experiment.md;plan.json;summary.json	runs/autoresearch/forage_loop/DISTANCE_CAP24_SPEED_COMPLETION3_BEST_SELECT_430/summary.json	runs/autoresearch/forage_loop/DISTANCE_CAP24_SPEED_COMPLETION3_BEST_SELECT_430/evaluation.json	.	.	runs/autoresearch/forage_loop/DISTANCE_CAP24_SPEED_COMPLETION3_BEST_SELECT_430/plan.json	runs/autoresearch/forage_loop/DISTANCE_CAP24_SPEED_COMPLETION3_BEST_SELECT_430/experiment.md	.	runs/autoresearch/forage_loop/DISTANCE_CAP24_SPEED_COMPLETION3_BEST_SELECT_430/evaluation.json	21.234375	0.923233695652174	0.4296875	.	.	.	.	.	.	.	.	.
runs/autoresearch/forage_loop/DISTANCE_CAP24_SPEED_COMPLETION_BONUS_430	ant-count-25x25-autoresearch	evaluation.json;experiment.md;plan.json;summary.json	runs/autoresearch/forage_loop/DISTANCE_CAP24_SPEED_COMPLETION_BONUS_430/summary.json	runs/autoresearch/forage_loop/DISTANCE_CAP24_SPEED_COMPLETION_BONUS_430/evaluation.json	.	.	runs/autoresearch/forage_loop/DISTANCE_CAP24_SPEED_COMPLETION_BONUS_430/plan.json	runs/autoresearch/forage_loop/DISTANCE_CAP24_SPEED_COMPLETION_BONUS_430/experiment.md	.	runs/autoresearch/forage_loop/DISTANCE_CAP24_SPEED_COMPLETION_BONUS_430/evaluation.json	21.791666666666668	0.947463768115942	0.3958333333333333	.	.	.	.	.	.	.	.	.
runs/autoresearch/forage_loop/DISTANCE_CAP24_SPEED_COMPLETION_SHORT_430	ant-count-25x25-autoresearch	evaluation.json;experiment.md;plan.json;summary.json	runs/autoresearch/forage_loop/DISTANCE_CAP24_SPEED_COMPLETION_SHORT_430/summary.json	runs/autoresearch/forage_loop/DISTANCE_CAP24_SPEED_COMPLETION_SHORT_430/evaluation.json	.	.	runs/autoresearch/forage_loop/DISTANCE_CAP24_SPEED_COMPLETION_SHORT_430/plan.json	runs/autoresearch/forage_loop/DISTANCE_CAP24_SPEED_COMPLETION_SHORT_430/experiment.md	.	runs/autoresearch/forage_loop/DISTANCE_CAP24_SPEED_COMPLETION_SHORT_430/evaluation.json	21.739583333333332	0.945199275362319	0.4479166666666667	.	.	.	.	.	.	.	.	.
runs/autoresearch/forage_loop/DISTANCE_CAP24_SPEED_DENSE2_430	ant-count-25x25-autoresearch	evaluation.json;experiment.md;plan.json;summary.json	runs/autoresearch/forage_loop/DISTANCE_CAP24_SPEED_DENSE2_430/summary.json	runs/autoresearch/forage_loop/DISTANCE_CAP24_SPEED_DENSE2_430/evaluation.json	.	.	runs/autoresearch/forage_loop/DISTANCE_CAP24_SPEED_DENSE2_430/plan.json	runs/autoresearch/forage_loop/DISTANCE_CAP24_SPEED_DENSE2_430/experiment.md	.	runs/autoresearch/forage_loop/DISTANCE_CAP24_SPEED_DENSE2_430/evaluation.json	17.979166666666668	0.7817028985507246	0.13541666666666666	.	.	.	.	.	.	.	.	.
runs/autoresearch/forage_loop/DISTANCE_CAP24_SPEED_DENSE2_TRAIL_430	ant-count-25x25-autoresearch	evaluation.json;experiment.md;plan.json;summary.json	runs/autoresearch/forage_loop/DISTANCE_CAP24_SPEED_DENSE2_TRAIL_430/summary.json	runs/autoresearch/forage_loop/DISTANCE_CAP24_SPEED_DENSE2_TRAIL_430/evaluation.json	.	.	runs/autoresearch/forage_loop/DISTANCE_CAP24_SPEED_DENSE2_TRAIL_430/plan.json	runs/autoresearch/forage_loop/DISTANCE_CAP24_SPEED_DENSE2_TRAIL_430/experiment.md	.	runs/autoresearch/forage_loop/DISTANCE_CAP24_SPEED_DENSE2_TRAIL_430/evaluation.json	17.739583333333332	0.771286231884058	0.09375	.	.	.	.	.	.	.	.	.
runs/autoresearch/forage_loop/DISTANCE_CAP24_SPEED_HELDOUT_SELECT_430	ant-count-25x25-autoresearch	evaluation.json;experiment.md;plan.json;summary.json	runs/autoresearch/forage_loop/DISTANCE_CAP24_SPEED_HELDOUT_SELECT_430/summary.json	runs/autoresearch/forage_loop/DISTANCE_CAP24_SPEED_HELDOUT_SELECT_430/evaluation.json	.	.	runs/autoresearch/forage_loop/DISTANCE_CAP24_SPEED_HELDOUT_SELECT_430/plan.json	runs/autoresearch/forage_loop/DISTANCE_CAP24_SPEED_HELDOUT_SELECT_430/experiment.md	.	runs/autoresearch/forage_loop/DISTANCE_CAP24_SPEED_HELDOUT_SELECT_430/evaluation.json	21.8046875	0.9480298913043479	0.5859375	.	.	.	.	.	.	.	.	.
runs/autoresearch/forage_loop/DISTANCE_CAP24_SPEED_POLISH_FINE_TEMP	ant-count-25x25-autoresearch	evaluation.json;experiment.md;plan.json;summary.json	runs/autoresearch/forage_loop/DISTANCE_CAP24_SPEED_POLISH_FINE_TEMP/summary.json	runs/autoresearch/forage_loop/DISTANCE_CAP24_SPEED_POLISH_FINE_TEMP/evaluation.json	.	.	runs/autoresearch/forage_loop/DISTANCE_CAP24_SPEED_POLISH_FINE_TEMP/plan.json	runs/autoresearch/forage_loop/DISTANCE_CAP24_SPEED_POLISH_FINE_TEMP/experiment.md	.	runs/autoresearch/forage_loop/DISTANCE_CAP24_SPEED_POLISH_FINE_TEMP/evaluation.json	21.895833333333332	0.9519927536231885	0.4479166666666667	.	.	.	.	.	.	.	.	.
runs/autoresearch/forage_loop/DISTANCE_CAP24_SPEED_RAMP_24A_430	ant-count-25x25-autoresearch	evaluation.json;experiment.md;plan.json;summary.json	runs/autoresearch/forage_loop/DISTANCE_CAP24_SPEED_RAMP_24A_430/summary.json	runs/autoresearch/forage_loop/DISTANCE_CAP24_SPEED_RAMP_24A_430/evaluation.json	.	.	runs/autoresearch/forage_loop/DISTANCE_CAP24_SPEED_RAMP_24A_430/plan.json	runs/autoresearch/forage_loop/DISTANCE_CAP24_SPEED_RAMP_24A_430/experiment.md	.	runs/autoresearch/forage_loop/DISTANCE_CAP24_SPEED_RAMP_24A_430/evaluation.json	20.541666666666668	0.8931159420289855	0.2708333333333333	.	.	.	.	.	.	.	.	.
runs/autoresearch/forage_loop/DISTANCE_CAP24_SPEED_REMAINING_SELECT_430	ant-count-25x25-autoresearch	evaluation.json;experiment.md;plan.json;summary.json	runs/autoresearch/forage_loop/DISTANCE_CAP24_SPEED_REMAINING_SELECT_430/summary.json	runs/autoresearch/forage_loop/DISTANCE_CAP24_SPEED_REMAINING_SELECT_430/evaluation.json	.	.	runs/autoresearch/forage_loop/DISTANCE_CAP24_SPEED_REMAINING_SELECT_430/plan.json	runs/autoresearch/forage_loop/DISTANCE_CAP24_SPEED_REMAINING_SELECT_430/experiment.md	.	runs/autoresearch/forage_loop/DISTANCE_CAP24_SPEED_REMAINING_SELECT_430/evaluation.json	21.703125	0.9436141304347827	0.53125	.	.	.	.	.	.	.	.	.
runs/autoresearch/forage_loop/DISTANCE_CAP24_SPEED_SOURCES12_430	ant-count-25x25-autoresearch	evaluation.json;experiment.md;plan.json;summary.json	runs/autoresearch/forage_loop/DISTANCE_CAP24_SPEED_SOURCES12_430/summary.json	runs/autoresearch/forage_loop/DISTANCE_CAP24_SPEED_SOURCES12_430/evaluation.json	.	.	runs/autoresearch/forage_loop/DISTANCE_CAP24_SPEED_SOURCES12_430/plan.json	runs/autoresearch/forage_loop/DISTANCE_CAP24_SPEED_SOURCES12_430/experiment.md	.	runs/autoresearch/forage_loop/DISTANCE_CAP24_SPEED_SOURCES12_430/evaluation.json	21.354166666666668	0.9284420289855072	0.4166666666666667	.	.	.	.	.	.	.	.	.
runs/autoresearch/forage_loop/DISTANCE_CAP24_SPEED_SOURCES12_FINAL_430	ant-count-25x25-autoresearch	evaluation.json;experiment.md;plan.json;summary.json	runs/autoresearch/forage_loop/DISTANCE_CAP24_SPEED_SOURCES12_FINAL_430/summary.json	runs/autoresearch/forage_loop/DISTANCE_CAP24_SPEED_SOURCES12_FINAL_430/evaluation.json	.	.	runs/autoresearch/forage_loop/DISTANCE_CAP24_SPEED_SOURCES12_FINAL_430/plan.json	runs/autoresearch/forage_loop/DISTANCE_CAP24_SPEED_SOURCES12_FINAL_430/experiment.md	.	runs/autoresearch/forage_loop/DISTANCE_CAP24_SPEED_SOURCES12_FINAL_430/evaluation.json	21.958333333333332	0.9547101449275363	0.4270833333333333	.	.	.	.	.	.	.	.	.
runs/autoresearch/forage_loop/DISTANCE_CAP24_SPEED_SOURCES12_POLISH_430	ant-count-25x25-autoresearch	evaluation.json;experiment.md;plan.json;summary.json	runs/autoresearch/forage_loop/DISTANCE_CAP24_SPEED_SOURCES12_POLISH_430/summary.json	runs/autoresearch/forage_loop/DISTANCE_CAP24_SPEED_SOURCES12_POLISH_430/evaluation.json	.	.	runs/autoresearch/forage_loop/DISTANCE_CAP24_SPEED_SOURCES12_POLISH_430/plan.json	runs/autoresearch/forage_loop/DISTANCE_CAP24_SPEED_SOURCES12_POLISH_430/experiment.md	.	runs/autoresearch/forage_loop/DISTANCE_CAP24_SPEED_SOURCES12_POLISH_430/evaluation.json	21.765625	0.9463315217391305	0.46875	.	.	.	.	.	.	.	.	.
runs/autoresearch/forage_loop/DISTANCE_CAP24_SPEED_SOURCES16_430	ant-count-25x25-autoresearch	evaluation.json;experiment.md;plan.json;summary.json	runs/autoresearch/forage_loop/DISTANCE_CAP24_SPEED_SOURCES16_430/summary.json	runs/autoresearch/forage_loop/DISTANCE_CAP24_SPEED_SOURCES16_430/evaluation.json	.	.	runs/autoresearch/forage_loop/DISTANCE_CAP24_SPEED_SOURCES16_430/plan.json	runs/autoresearch/forage_loop/DISTANCE_CAP24_SPEED_SOURCES16_430/experiment.md	.	runs/autoresearch/forage_loop/DISTANCE_CAP24_SPEED_SOURCES16_430/evaluation.json	21.947916666666668	0.9542572463768116	0.46875	.	.	.	.	.	.	.	.	.
runs/autoresearch/forage_loop/DISTANCE_CAP32_SPEED_SOURCES12_430	ant-count-25x25-autoresearch	evaluation.json;experiment.md;plan.json;summary.json	runs/autoresearch/forage_loop/DISTANCE_CAP32_SPEED_SOURCES12_430/summary.json	runs/autoresearch/forage_loop/DISTANCE_CAP32_SPEED_SOURCES12_430/evaluation.json	.	.	runs/autoresearch/forage_loop/DISTANCE_CAP32_SPEED_SOURCES12_430/plan.json	runs/autoresearch/forage_loop/DISTANCE_CAP32_SPEED_SOURCES12_430/experiment.md	.	runs/autoresearch/forage_loop/DISTANCE_CAP32_SPEED_SOURCES12_430/evaluation.json	21.822916666666668	0.9488224637681159	0.5	.	.	.	.	.	.	.	.	.
runs/autoresearch/forage_loop/DISTANCE_CAP4	ant-count-25x25-autoresearch	evaluation.json;experiment.md;extended_evaluation.json;plan.json;summary.json	runs/autoresearch/forage_loop/DISTANCE_CAP4/summary.json	runs/autoresearch/forage_loop/DISTANCE_CAP4/evaluation.json	.	.	runs/autoresearch/forage_loop/DISTANCE_CAP4/plan.json	runs/autoresearch/forage_loop/DISTANCE_CAP4/experiment.md	.	runs/autoresearch/forage_loop/DISTANCE_CAP4/evaluation.json	2.75	0.11956521739130435	0.0	.	.	.	.	.	.	.	.	.
runs/autoresearch/forage_loop/DISTANCE_CAP4_BALANCED	ant-count-25x25-autoresearch	evaluation.json;experiment.md;plan.json;summary.json	runs/autoresearch/forage_loop/DISTANCE_CAP4_BALANCED/summary.json	runs/autoresearch/forage_loop/DISTANCE_CAP4_BALANCED/evaluation.json	.	.	runs/autoresearch/forage_loop/DISTANCE_CAP4_BALANCED/plan.json	runs/autoresearch/forage_loop/DISTANCE_CAP4_BALANCED/experiment.md	.	runs/autoresearch/forage_loop/DISTANCE_CAP4_BALANCED/evaluation.json	5.0	0.21739130434782608	0.0	.	.	.	.	.	.	.	.	.
runs/autoresearch/forage_loop/DISTANCE_CAP4_DISTILL	ant-count-25x25-autoresearch	evaluation.json;experiment.md;plan.json;summary.json	runs/autoresearch/forage_loop/DISTANCE_CAP4_DISTILL/summary.json	runs/autoresearch/forage_loop/DISTANCE_CAP4_DISTILL/evaluation.json	.	.	runs/autoresearch/forage_loop/DISTANCE_CAP4_DISTILL/plan.json	runs/autoresearch/forage_loop/DISTANCE_CAP4_DISTILL/experiment.md	.	runs/autoresearch/forage_loop/DISTANCE_CAP4_DISTILL/evaluation.json	3.75	0.16304347826086957	0.0	.	.	.	.	.	.	.	.	.
runs/autoresearch/forage_loop/DISTANCE_CAP4_GREEDY_TUNE	ant-count-25x25-autoresearch	evaluation.json;experiment.md;plan.json;summary.json	runs/autoresearch/forage_loop/DISTANCE_CAP4_GREEDY_TUNE/summary.json	runs/autoresearch/forage_loop/DISTANCE_CAP4_GREEDY_TUNE/evaluation.json	.	.	runs/autoresearch/forage_loop/DISTANCE_CAP4_GREEDY_TUNE/plan.json	runs/autoresearch/forage_loop/DISTANCE_CAP4_GREEDY_TUNE/experiment.md	.	runs/autoresearch/forage_loop/DISTANCE_CAP4_GREEDY_TUNE/evaluation.json	7.75	0.3369565217391304	0.25	.	.	.	.	.	.	.	.	.
runs/autoresearch/forage_loop/DISTANCE_CAP4_LONG_CREDIT_ENTROPY_PENALTY	ant-count-25x25-autoresearch	evaluation.json;experiment.md;extended_evaluation.json;plan.json;summary.json	runs/autoresearch/forage_loop/DISTANCE_CAP4_LONG_CREDIT_ENTROPY_PENALTY/summary.json	runs/autoresearch/forage_loop/DISTANCE_CAP4_LONG_CREDIT_ENTROPY_PENALTY/evaluation.json	.	.	runs/autoresearch/forage_loop/DISTANCE_CAP4_LONG_CREDIT_ENTROPY_PENALTY/plan.json	runs/autoresearch/forage_loop/DISTANCE_CAP4_LONG_CREDIT_ENTROPY_PENALTY/experiment.md	.	runs/autoresearch/forage_loop/DISTANCE_CAP4_LONG_CREDIT_ENTROPY_PENALTY/evaluation.json	12.125	0.5271739130434783	0.0	.	.	.	.	.	.	.	.	.
runs/autoresearch/forage_loop/DISTANCE_CAP4_LONG_CREDIT_GENTLE_GREEDY	ant-count-25x25-autoresearch	evaluation.json;experiment.md;extended_evaluation.json;plan.json;summary.json	runs/autoresearch/forage_loop/DISTANCE_CAP4_LONG_CREDIT_GENTLE_GREEDY/summary.json	runs/autoresearch/forage_loop/DISTANCE_CAP4_LONG_CREDIT_GENTLE_GREEDY/evaluation.json	.	.	runs/autoresearch/forage_loop/DISTANCE_CAP4_LONG_CREDIT_GENTLE_GREEDY/plan.json	runs/autoresearch/forage_loop/DISTANCE_CAP4_LONG_CREDIT_GENTLE_GREEDY/experiment.md	.	runs/autoresearch/forage_loop/DISTANCE_CAP4_LONG_CREDIT_GENTLE_GREEDY/evaluation.json	14.75	0.6413043478260869	0.25	.	.	.	.	.	.	.	.	.
runs/autoresearch/forage_loop/DISTANCE_CAP4_LONG_CREDIT_TUNE	ant-count-25x25-autoresearch	evaluation.json;experiment.md;extended_evaluation.json;plan.json;summary.json	runs/autoresearch/forage_loop/DISTANCE_CAP4_LONG_CREDIT_TUNE/summary.json	runs/autoresearch/forage_loop/DISTANCE_CAP4_LONG_CREDIT_TUNE/evaluation.json	.	.	runs/autoresearch/forage_loop/DISTANCE_CAP4_LONG_CREDIT_TUNE/plan.json	runs/autoresearch/forage_loop/DISTANCE_CAP4_LONG_CREDIT_TUNE/experiment.md	.	runs/autoresearch/forage_loop/DISTANCE_CAP4_LONG_CREDIT_TUNE/evaluation.json	11.0	0.4782608695652174	0.0	.	.	.	.	.	.	.	.	.
runs/autoresearch/forage_loop/DISTANCE_CAP4_MIXED_TUNE	ant-count-25x25-autoresearch	evaluation.json;experiment.md;plan.json;summary.json	runs/autoresearch/forage_loop/DISTANCE_CAP4_MIXED_TUNE/summary.json	runs/autoresearch/forage_loop/DISTANCE_CAP4_MIXED_TUNE/evaluation.json	.	.	runs/autoresearch/forage_loop/DISTANCE_CAP4_MIXED_TUNE/plan.json	runs/autoresearch/forage_loop/DISTANCE_CAP4_MIXED_TUNE/experiment.md	.	runs/autoresearch/forage_loop/DISTANCE_CAP4_MIXED_TUNE/evaluation.json	4.0	0.17391304347826086	0.0	.	.	.	.	.	.	.	.	.
runs/autoresearch/forage_loop/DISTANCE_CAP4_NO_WRITE	communication-memory-bytes	evaluation.json;experiment.md;plan.json;summary.json	runs/autoresearch/forage_loop/DISTANCE_CAP4_NO_WRITE/summary.json	runs/autoresearch/forage_loop/DISTANCE_CAP4_NO_WRITE/evaluation.json	.	.	runs/autoresearch/forage_loop/DISTANCE_CAP4_NO_WRITE/plan.json	runs/autoresearch/forage_loop/DISTANCE_CAP4_NO_WRITE/experiment.md	.	runs/autoresearch/forage_loop/DISTANCE_CAP4_NO_WRITE/evaluation.json	0.0	0.0	0.0	.	.	.	.	.	.	.	.	.
runs/autoresearch/forage_loop/DISTANCE_CAP4_SHARP	ant-count-25x25-autoresearch	evaluation.json;experiment.md;extended_evaluation.json;plan.json;summary.json	runs/autoresearch/forage_loop/DISTANCE_CAP4_SHARP/summary.json	runs/autoresearch/forage_loop/DISTANCE_CAP4_SHARP/evaluation.json	.	.	runs/autoresearch/forage_loop/DISTANCE_CAP4_SHARP/plan.json	runs/autoresearch/forage_loop/DISTANCE_CAP4_SHARP/experiment.md	.	runs/autoresearch/forage_loop/DISTANCE_CAP4_SHARP/evaluation.json	13.0	0.5652173913043479	0.0	.	.	.	.	.	.	.	.	.
runs/autoresearch/forage_loop/DISTANCE_CAP4_SHARP_FINE	ant-count-25x25-autoresearch	evaluation.json;experiment.md;plan.json;summary.json	runs/autoresearch/forage_loop/DISTANCE_CAP4_SHARP_FINE/summary.json	runs/autoresearch/forage_loop/DISTANCE_CAP4_SHARP_FINE/evaluation.json	.	.	runs/autoresearch/forage_loop/DISTANCE_CAP4_SHARP_FINE/plan.json	runs/autoresearch/forage_loop/DISTANCE_CAP4_SHARP_FINE/experiment.md	.	runs/autoresearch/forage_loop/DISTANCE_CAP4_SHARP_FINE/evaluation.json	0.0	0.0	0.0	.	.	.	.	.	.	.	.	.
runs/autoresearch/forage_loop/DISTANCE_CAP4_SHARP_HYBRID_POLICY	ant-count-25x25-autoresearch	evaluation.json;experiment.md;plan.json;summary.json	runs/autoresearch/forage_loop/DISTANCE_CAP4_SHARP_HYBRID_POLICY/summary.json	runs/autoresearch/forage_loop/DISTANCE_CAP4_SHARP_HYBRID_POLICY/evaluation.json	.	.	runs/autoresearch/forage_loop/DISTANCE_CAP4_SHARP_HYBRID_POLICY/plan.json	runs/autoresearch/forage_loop/DISTANCE_CAP4_SHARP_HYBRID_POLICY/experiment.md	.	runs/autoresearch/forage_loop/DISTANCE_CAP4_SHARP_HYBRID_POLICY/evaluation.json	7.875	0.3423913043478261	0.0	.	.	.	.	.	.	.	.	.
runs/autoresearch/forage_loop/DISTANCE_CAP4_SHARP_MOVE_ALIGN	ant-count-25x25-autoresearch	evaluation.json;experiment.md;plan.json;summary.json	runs/autoresearch/forage_loop/DISTANCE_CAP4_SHARP_MOVE_ALIGN/summary.json	runs/autoresearch/forage_loop/DISTANCE_CAP4_SHARP_MOVE_ALIGN/evaluation.json	.	.	runs/autoresearch/forage_loop/DISTANCE_CAP4_SHARP_MOVE_ALIGN/plan.json	runs/autoresearch/forage_loop/DISTANCE_CAP4_SHARP_MOVE_ALIGN/experiment.md	.	runs/autoresearch/forage_loop/DISTANCE_CAP4_SHARP_MOVE_ALIGN/evaluation.json	9.875	0.42934782608695654	0.125	.	.	.	.	.	.	.	.	.
runs/autoresearch/forage_loop/DISTANCE_CAP4_SHARP_NEAR	ant-count-25x25-autoresearch	evaluation.json;experiment.md;plan.json;summary.json	runs/autoresearch/forage_loop/DISTANCE_CAP4_SHARP_NEAR/summary.json	runs/autoresearch/forage_loop/DISTANCE_CAP4_SHARP_NEAR/evaluation.json	.	.	runs/autoresearch/forage_loop/DISTANCE_CAP4_SHARP_NEAR/plan.json	runs/autoresearch/forage_loop/DISTANCE_CAP4_SHARP_NEAR/experiment.md	.	runs/autoresearch/forage_loop/DISTANCE_CAP4_SHARP_NEAR/evaluation.json	7.0	0.30434782608695654	0.0	.	.	.	.	.	.	.	.	.
runs/autoresearch/forage_loop/DISTANCE_CAP4_SHARP_SEED2	ant-count-25x25-autoresearch	evaluation.json;experiment.md;plan.json;summary.json	runs/autoresearch/forage_loop/DISTANCE_CAP4_SHARP_SEED2/summary.json	runs/autoresearch/forage_loop/DISTANCE_CAP4_SHARP_SEED2/evaluation.json	.	.	runs/autoresearch/forage_loop/DISTANCE_CAP4_SHARP_SEED2/plan.json	runs/autoresearch/forage_loop/DISTANCE_CAP4_SHARP_SEED2/experiment.md	.	runs/autoresearch/forage_loop/DISTANCE_CAP4_SHARP_SEED2/evaluation.json	2.0	0.08695652173913043	0.0	.	.	.	.	.	.	.	.	.
runs/autoresearch/forage_loop/DISTANCE_CAP4_SHARP_STABLE	ant-count-25x25-autoresearch	evaluation.json;experiment.md;plan.json;summary.json	runs/autoresearch/forage_loop/DISTANCE_CAP4_SHARP_STABLE/summary.json	runs/autoresearch/forage_loop/DISTANCE_CAP4_SHARP_STABLE/evaluation.json	.	.	runs/autoresearch/forage_loop/DISTANCE_CAP4_SHARP_STABLE/plan.json	runs/autoresearch/forage_loop/DISTANCE_CAP4_SHARP_STABLE/experiment.md	.	runs/autoresearch/forage_loop/DISTANCE_CAP4_SHARP_STABLE/evaluation.json	0.0	0.0	0.0	.	.	.	.	.	.	.	.	.
runs/autoresearch/forage_loop/DISTANCE_CAP4_SHARP_T125_CONFIRM_POLICY	ant-count-25x25-autoresearch	evaluation.json;experiment.md;plan.json;summary.json	runs/autoresearch/forage_loop/DISTANCE_CAP4_SHARP_T125_CONFIRM_POLICY/summary.json	runs/autoresearch/forage_loop/DISTANCE_CAP4_SHARP_T125_CONFIRM_POLICY/evaluation.json	.	.	runs/autoresearch/forage_loop/DISTANCE_CAP4_SHARP_T125_CONFIRM_POLICY/plan.json	runs/autoresearch/forage_loop/DISTANCE_CAP4_SHARP_T125_CONFIRM_POLICY/experiment.md	.	runs/autoresearch/forage_loop/DISTANCE_CAP4_SHARP_T125_CONFIRM_POLICY/evaluation.json	22.515625	0.9789402173913043	0.84375	.	.	.	.	.	.	.	.	.
runs/autoresearch/forage_loop/DISTANCE_CAP4_SHARP_TEMP_CONFIRM_GRID	ant-count-25x25-autoresearch	evaluation.json;experiment.md;plan.json;summary.json	runs/autoresearch/forage_loop/DISTANCE_CAP4_SHARP_TEMP_CONFIRM_GRID/summary.json	runs/autoresearch/forage_loop/DISTANCE_CAP4_SHARP_TEMP_CONFIRM_GRID/evaluation.json	.	.	runs/autoresearch/forage_loop/DISTANCE_CAP4_SHARP_TEMP_CONFIRM_GRID/plan.json	runs/autoresearch/forage_loop/DISTANCE_CAP4_SHARP_TEMP_CONFIRM_GRID/experiment.md	.	runs/autoresearch/forage_loop/DISTANCE_CAP4_SHARP_TEMP_CONFIRM_GRID/evaluation.json	22.479166666666668	0.9773550724637682	0.84375	.	.	.	.	.	.	.	.	.
runs/autoresearch/forage_loop/DISTANCE_CAP4_SHARP_TEMP_FINE_POLICY	ant-count-25x25-autoresearch	evaluation.json;experiment.md;plan.json;summary.json	runs/autoresearch/forage_loop/DISTANCE_CAP4_SHARP_TEMP_FINE_POLICY/summary.json	runs/autoresearch/forage_loop/DISTANCE_CAP4_SHARP_TEMP_FINE_POLICY/evaluation.json	.	.	runs/autoresearch/forage_loop/DISTANCE_CAP4_SHARP_TEMP_FINE_POLICY/plan.json	runs/autoresearch/forage_loop/DISTANCE_CAP4_SHARP_TEMP_FINE_POLICY/experiment.md	.	runs/autoresearch/forage_loop/DISTANCE_CAP4_SHARP_TEMP_FINE_POLICY/evaluation.json	22.520833333333332	0.9791666666666666	0.875	.	.	.	.	.	.	.	.	.
runs/autoresearch/forage_loop/DISTANCE_CAP4_SHARP_TEMP_HIGH_GRID	ant-count-25x25-autoresearch	evaluation.json;experiment.md;plan.json;summary.json	runs/autoresearch/forage_loop/DISTANCE_CAP4_SHARP_TEMP_HIGH_GRID/summary.json	runs/autoresearch/forage_loop/DISTANCE_CAP4_SHARP_TEMP_HIGH_GRID/evaluation.json	.	.	runs/autoresearch/forage_loop/DISTANCE_CAP4_SHARP_TEMP_HIGH_GRID/plan.json	runs/autoresearch/forage_loop/DISTANCE_CAP4_SHARP_TEMP_HIGH_GRID/experiment.md	.	runs/autoresearch/forage_loop/DISTANCE_CAP4_SHARP_TEMP_HIGH_GRID/evaluation.json	22.109375	0.9612771739130435	0.796875	.	.	.	.	.	.	.	.	.
runs/autoresearch/forage_loop/DISTANCE_CAP4_SHARP_TEMP_POLICY	ant-count-25x25-autoresearch	evaluation.json;experiment.md;plan.json;summary.json	runs/autoresearch/forage_loop/DISTANCE_CAP4_SHARP_TEMP_POLICY/summary.json	runs/autoresearch/forage_loop/DISTANCE_CAP4_SHARP_TEMP_POLICY/evaluation.json	.	.	runs/autoresearch/forage_loop/DISTANCE_CAP4_SHARP_TEMP_POLICY/plan.json	runs/autoresearch/forage_loop/DISTANCE_CAP4_SHARP_TEMP_POLICY/experiment.md	.	runs/autoresearch/forage_loop/DISTANCE_CAP4_SHARP_TEMP_POLICY/evaluation.json	20.84375	0.90625	0.4375	.	.	.	.	.	.	.	.	.
runs/autoresearch/forage_loop/DISTANCE_CAP4_SHARP_TEMP_TOP3_CONFIRM	ant-count-25x25-autoresearch	evaluation.json;experiment.md;plan.json;summary.json	runs/autoresearch/forage_loop/DISTANCE_CAP4_SHARP_TEMP_TOP3_CONFIRM/summary.json	runs/autoresearch/forage_loop/DISTANCE_CAP4_SHARP_TEMP_TOP3_CONFIRM/evaluation.json	.	.	runs/autoresearch/forage_loop/DISTANCE_CAP4_SHARP_TEMP_TOP3_CONFIRM/plan.json	runs/autoresearch/forage_loop/DISTANCE_CAP4_SHARP_TEMP_TOP3_CONFIRM/experiment.md	.	runs/autoresearch/forage_loop/DISTANCE_CAP4_SHARP_TEMP_TOP3_CONFIRM/evaluation.json	22.5078125	0.9786005434782608	0.859375	.	.	.	.	.	.	.	.	.
runs/autoresearch/forage_loop/DISTANCE_CAP4_SPEED_4A_800	ant-count-25x25-autoresearch	evaluation.json;experiment.md;plan.json;summary.json	runs/autoresearch/forage_loop/DISTANCE_CAP4_SPEED_4A_800/summary.json	runs/autoresearch/forage_loop/DISTANCE_CAP4_SPEED_4A_800/evaluation.json	.	.	runs/autoresearch/forage_loop/DISTANCE_CAP4_SPEED_4A_800/plan.json	runs/autoresearch/forage_loop/DISTANCE_CAP4_SPEED_4A_800/experiment.md	.	runs/autoresearch/forage_loop/DISTANCE_CAP4_SPEED_4A_800/evaluation.json	15.583333333333334	0.677536231884058	0.020833333333333332	.	.	.	.	.	.	.	.	.
runs/autoresearch/forage_loop/DISTANCE_CAP8_BIGMAP_RARE_HUBVECTOR_RANDOM_SPAWN	bigmap-deployment-rendering	evaluation.json;experiment.md;plan.json;summary.json	runs/autoresearch/forage_loop/DISTANCE_CAP8_BIGMAP_RARE_HUBVECTOR_RANDOM_SPAWN/summary.json	runs/autoresearch/forage_loop/DISTANCE_CAP8_BIGMAP_RARE_HUBVECTOR_RANDOM_SPAWN/evaluation.json	.	.	runs/autoresearch/forage_loop/DISTANCE_CAP8_BIGMAP_RARE_HUBVECTOR_RANDOM_SPAWN/plan.json	runs/autoresearch/forage_loop/DISTANCE_CAP8_BIGMAP_RARE_HUBVECTOR_RANDOM_SPAWN/experiment.md	.	runs/autoresearch/forage_loop/DISTANCE_CAP8_BIGMAP_RARE_HUBVECTOR_RANDOM_SPAWN/evaluation.json	12.328125	0.5360054347826086	0.015625	.	.	.	.	.	.	.	.	.
runs/autoresearch/forage_loop/DISTANCE_CAP8_BIGMAP_RARE_NAVVECTOR_HELDOUT_SELECT	bigmap-deployment-rendering	evaluation.json;experiment.md;plan.json;summary.json	runs/autoresearch/forage_loop/DISTANCE_CAP8_BIGMAP_RARE_NAVVECTOR_HELDOUT_SELECT/summary.json	runs/autoresearch/forage_loop/DISTANCE_CAP8_BIGMAP_RARE_NAVVECTOR_HELDOUT_SELECT/evaluation.json	.	.	runs/autoresearch/forage_loop/DISTANCE_CAP8_BIGMAP_RARE_NAVVECTOR_HELDOUT_SELECT/plan.json	runs/autoresearch/forage_loop/DISTANCE_CAP8_BIGMAP_RARE_NAVVECTOR_HELDOUT_SELECT/experiment.md	.	runs/autoresearch/forage_loop/DISTANCE_CAP8_BIGMAP_RARE_NAVVECTOR_HELDOUT_SELECT/evaluation.json	16.197916666666668	0.7042572463768115	0.1875	.	.	.	.	.	.	.	.	.
runs/autoresearch/forage_loop/DISTANCE_CAP8_BIGMAP_RARE_NAVVECTOR_RANDOM_SPAWN	bigmap-deployment-rendering	evaluation.json;experiment.md;plan.json;summary.json	runs/autoresearch/forage_loop/DISTANCE_CAP8_BIGMAP_RARE_NAVVECTOR_RANDOM_SPAWN/summary.json	runs/autoresearch/forage_loop/DISTANCE_CAP8_BIGMAP_RARE_NAVVECTOR_RANDOM_SPAWN/evaluation.json	.	.	runs/autoresearch/forage_loop/DISTANCE_CAP8_BIGMAP_RARE_NAVVECTOR_RANDOM_SPAWN/plan.json	runs/autoresearch/forage_loop/DISTANCE_CAP8_BIGMAP_RARE_NAVVECTOR_RANDOM_SPAWN/experiment.md	.	runs/autoresearch/forage_loop/DISTANCE_CAP8_BIGMAP_RARE_NAVVECTOR_RANDOM_SPAWN/evaluation.json	15.203125	0.6610054347826088	0.078125	.	.	.	.	.	.	.	.	.
runs/autoresearch/forage_loop/DISTANCE_CAP8_BIGMAP_RARE_NAVVECTOR_SPAWN_RADIUS_CURRICULUM	bigmap-deployment-rendering	experiment.md;plan.json	.	.	.	.	runs/autoresearch/forage_loop/DISTANCE_CAP8_BIGMAP_RARE_NAVVECTOR_SPAWN_RADIUS_CURRICULUM/plan.json	runs/autoresearch/forage_loop/DISTANCE_CAP8_BIGMAP_RARE_NAVVECTOR_SPAWN_RADIUS_CURRICULUM/experiment.md	.	.	.	.	.	.	.	.	.	.	.	.	.	.
runs/autoresearch/forage_loop/DISTANCE_CAP8_BIGMAP_RARE_RANDOM_SPAWN	bigmap-deployment-rendering	evaluation.json;experiment.md;plan.json;summary.json	runs/autoresearch/forage_loop/DISTANCE_CAP8_BIGMAP_RARE_RANDOM_SPAWN/summary.json	runs/autoresearch/forage_loop/DISTANCE_CAP8_BIGMAP_RARE_RANDOM_SPAWN/evaluation.json	.	.	runs/autoresearch/forage_loop/DISTANCE_CAP8_BIGMAP_RARE_RANDOM_SPAWN/plan.json	runs/autoresearch/forage_loop/DISTANCE_CAP8_BIGMAP_RARE_RANDOM_SPAWN/experiment.md	.	runs/autoresearch/forage_loop/DISTANCE_CAP8_BIGMAP_RARE_RANDOM_SPAWN/evaluation.json	10.958333333333334	0.47644927536231885	0.041666666666666664	.	.	.	.	.	.	.	.	.
runs/autoresearch/forage_loop/DISTANCE_CAP8_SPEED_8A_550	ant-count-25x25-autoresearch	evaluation.json;experiment.md;plan.json;summary.json	runs/autoresearch/forage_loop/DISTANCE_CAP8_SPEED_8A_550/summary.json	runs/autoresearch/forage_loop/DISTANCE_CAP8_SPEED_8A_550/evaluation.json	.	.	runs/autoresearch/forage_loop/DISTANCE_CAP8_SPEED_8A_550/plan.json	runs/autoresearch/forage_loop/DISTANCE_CAP8_SPEED_8A_550/experiment.md	.	runs/autoresearch/forage_loop/DISTANCE_CAP8_SPEED_8A_550/evaluation.json	17.171875	0.7466032608695652	0.09375	.	.	.	.	.	.	.	.	.
runs/autoresearch/forage_loop/DISTANCE_SHAPE	ant-count-25x25-autoresearch	evaluation.json;experiment.md;plan.json;summary.json	runs/autoresearch/forage_loop/DISTANCE_SHAPE/summary.json	runs/autoresearch/forage_loop/DISTANCE_SHAPE/evaluation.json	.	.	runs/autoresearch/forage_loop/DISTANCE_SHAPE/plan.json	runs/autoresearch/forage_loop/DISTANCE_SHAPE/experiment.md	.	runs/autoresearch/forage_loop/DISTANCE_SHAPE/evaluation.json	13.75	0.5978260869565217	0.0	.	.	.	.	.	.	.	.	.
runs/autoresearch/forage_loop/DISTANCE_VISION2_CAP4	ant-count-25x25-autoresearch	evaluation.json;experiment.md;plan.json;summary.json	runs/autoresearch/forage_loop/DISTANCE_VISION2_CAP4/summary.json	runs/autoresearch/forage_loop/DISTANCE_VISION2_CAP4/evaluation.json	.	.	runs/autoresearch/forage_loop/DISTANCE_VISION2_CAP4/plan.json	runs/autoresearch/forage_loop/DISTANCE_VISION2_CAP4/experiment.md	.	runs/autoresearch/forage_loop/DISTANCE_VISION2_CAP4/evaluation.json	0.0	0.0	0.0	.	.	.	.	.	.	.	.	.
runs/autoresearch/forage_loop/DISTANCE_VISION2_CAP4_SHARP	ant-count-25x25-autoresearch	evaluation.json;experiment.md;plan.json;summary.json	runs/autoresearch/forage_loop/DISTANCE_VISION2_CAP4_SHARP/summary.json	runs/autoresearch/forage_loop/DISTANCE_VISION2_CAP4_SHARP/evaluation.json	.	.	runs/autoresearch/forage_loop/DISTANCE_VISION2_CAP4_SHARP/plan.json	runs/autoresearch/forage_loop/DISTANCE_VISION2_CAP4_SHARP/experiment.md	.	runs/autoresearch/forage_loop/DISTANCE_VISION2_CAP4_SHARP/evaluation.json	1.0	0.043478260869565216	0.0	.	.	.	.	.	.	.	.	.
runs/bridge_100x100_sweep/continue120_20260703_004806/continue120_0000_mid250_from_best_mt050_lr5e6_u24	hundred-bridge-maze-stress	config.json;metrics.jsonl;summary.json;train_result.json	runs/bridge_100x100_sweep/continue120_20260703_004806/continue120_0000_mid250_from_best_mt050_lr5e6_u24/summary.json	.	runs/bridge_100x100_sweep/continue120_20260703_004806/continue120_0000_mid250_from_best_mt050_lr5e6_u24/train_result.json	runs/bridge_100x100_sweep/continue120_20260703_004806/continue120_0000_mid250_from_best_mt050_lr5e6_u24/config.json	.	.	runs/bridge_100x100_sweep/continue120_20260703_004806/continue120_0000_mid250_from_best_mt050_lr5e6_u24/metrics.jsonl	runs/bridge_100x100_sweep/continue120_20260703_004806/continue120_0000_mid250_from_best_mt050_lr5e6_u24/summary.json	247.0	0.988	0.75	117.0	169.0	29.25	25.291236877441406	207.75	0.7903604856482283	20480.0	.	.
runs/bridge_100x100_sweep/continue120_20260703_004806/continue120_0001_mid250_from_best_mt0525_lr5e6_u24	hundred-bridge-maze-stress	config.json;metrics.jsonl;summary.json;train_result.json	runs/bridge_100x100_sweep/continue120_20260703_004806/continue120_0001_mid250_from_best_mt0525_lr5e6_u24/summary.json	.	runs/bridge_100x100_sweep/continue120_20260703_004806/continue120_0001_mid250_from_best_mt0525_lr5e6_u24/train_result.json	runs/bridge_100x100_sweep/continue120_20260703_004806/continue120_0001_mid250_from_best_mt0525_lr5e6_u24/config.json	.	.	runs/bridge_100x100_sweep/continue120_20260703_004806/continue120_0001_mid250_from_best_mt0525_lr5e6_u24/metrics.jsonl	runs/bridge_100x100_sweep/continue120_20260703_004806/continue120_0001_mid250_from_best_mt0525_lr5e6_u24/summary.json	249.5	0.998	0.75	172.0	267.0	43.0	40.271934509277344	183.25	0.9831551573434256	1024.0	.	.
runs/bridge_100x100_sweep/continue120_20260703_004806/continue120_0002_mid250_from_best_mt060_lr5e6_u16	hundred-bridge-maze-stress	config.json;metrics.jsonl;summary.json;train_result.json	runs/bridge_100x100_sweep/continue120_20260703_004806/continue120_0002_mid250_from_best_mt060_lr5e6_u16/summary.json	.	runs/bridge_100x100_sweep/continue120_20260703_004806/continue120_0002_mid250_from_best_mt060_lr5e6_u16/train_result.json	runs/bridge_100x100_sweep/continue120_20260703_004806/continue120_0002_mid250_from_best_mt060_lr5e6_u16/config.json	.	.	runs/bridge_100x100_sweep/continue120_20260703_004806/continue120_0002_mid250_from_best_mt060_lr5e6_u16/metrics.jsonl	runs/bridge_100x100_sweep/continue120_20260703_004806/continue120_0002_mid250_from_best_mt060_lr5e6_u16/summary.json	246.0	0.984	0.75	120.0	222.0	30.0	26.699893951416016	194.5	0.6446323156070115	1024.0	.	.
runs/bridge_100x100_sweep/continue120_20260703_004806/continue120_0003_hard375_from_best_mt050_lr5e6_u16	hundred-bridge-maze-stress	config.json;metrics.jsonl;summary.json;train_result.json	runs/bridge_100x100_sweep/continue120_20260703_004806/continue120_0003_hard375_from_best_mt050_lr5e6_u16/summary.json	.	runs/bridge_100x100_sweep/continue120_20260703_004806/continue120_0003_hard375_from_best_mt050_lr5e6_u16/train_result.json	runs/bridge_100x100_sweep/continue120_20260703_004806/continue120_0003_hard375_from_best_mt050_lr5e6_u16/config.json	.	.	runs/bridge_100x100_sweep/continue120_20260703_004806/continue120_0003_hard375_from_best_mt050_lr5e6_u16/metrics.jsonl	runs/bridge_100x100_sweep/continue120_20260703_004806/continue120_0003_hard375_from_best_mt050_lr5e6_u16/summary.json	373.0	0.9946666666666667	0.75	32.0	20.0	8.0	2.166882038116455	27.5	0.9960125012643797	16384.0	.	.
runs/bridge_100x100_sweep/continue120_from_hard375_20260703_012858/continue120_0000_mid250_from_best_mt050_lr5e6_u24	hundred-bridge-maze-stress	config.json;metrics.jsonl;summary.json;train_result.json	runs/bridge_100x100_sweep/continue120_from_hard375_20260703_012858/continue120_0000_mid250_from_best_mt050_lr5e6_u24/summary.json	.	runs/bridge_100x100_sweep/continue120_from_hard375_20260703_012858/continue120_0000_mid250_from_best_mt050_lr5e6_u24/train_result.json	runs/bridge_100x100_sweep/continue120_from_hard375_20260703_012858/continue120_0000_mid250_from_best_mt050_lr5e6_u24/config.json	.	.	runs/bridge_100x100_sweep/continue120_from_hard375_20260703_012858/continue120_0000_mid250_from_best_mt050_lr5e6_u24/metrics.jsonl	runs/bridge_100x100_sweep/continue120_from_hard375_20260703_012858/continue120_0000_mid250_from_best_mt050_lr5e6_u24/summary.json	249.75	0.999	0.75	132.0	193.0	33.0	29.349658966064453	201.75	0.8426829714887292	1024.0	.	.
runs/bridge_100x100_sweep/continue120_from_hard375_20260703_012858/continue120_0001_mid250_from_best_mt0525_lr5e6_u24	hundred-bridge-maze-stress	config.json;metrics.jsonl	.	.	.	runs/bridge_100x100_sweep/continue120_from_hard375_20260703_012858/continue120_0001_mid250_from_best_mt0525_lr5e6_u24/config.json	.	.	runs/bridge_100x100_sweep/continue120_from_hard375_20260703_012858/continue120_0001_mid250_from_best_mt0525_lr5e6_u24/metrics.jsonl	.	.	.	.	.	.	.	.	.	.	.	.	.
runs/bridge_100x100_sweep/continue_20260702_225027/continue_0000_mid250_from_best_mt050_lr5e6_u24	hundred-bridge-maze-stress	config.json;metrics.jsonl;summary.json;train_result.json	runs/bridge_100x100_sweep/continue_20260702_225027/continue_0000_mid250_from_best_mt050_lr5e6_u24/summary.json	.	runs/bridge_100x100_sweep/continue_20260702_225027/continue_0000_mid250_from_best_mt050_lr5e6_u24/train_result.json	runs/bridge_100x100_sweep/continue_20260702_225027/continue_0000_mid250_from_best_mt050_lr5e6_u24/config.json	.	.	runs/bridge_100x100_sweep/continue_20260702_225027/continue_0000_mid250_from_best_mt050_lr5e6_u24/metrics.jsonl	runs/bridge_100x100_sweep/continue_20260702_225027/continue_0000_mid250_from_best_mt050_lr5e6_u24/summary.json	234.25	0.937	0.5	83.0	119.0	20.75	19.216827392578125	222.5	1.0619455189790556	20480.0	.	.
runs/bridge_100x100_sweep/continue_20260702_225027/continue_0001_mid250_from_best_mt0525_lr5e6_u24	hundred-bridge-maze-stress	config.json;metrics.jsonl;summary.json;train_result.json	runs/bridge_100x100_sweep/continue_20260702_225027/continue_0001_mid250_from_best_mt0525_lr5e6_u24/summary.json	.	runs/bridge_100x100_sweep/continue_20260702_225027/continue_0001_mid250_from_best_mt0525_lr5e6_u24/train_result.json	runs/bridge_100x100_sweep/continue_20260702_225027/continue_0001_mid250_from_best_mt0525_lr5e6_u24/config.json	.	.	runs/bridge_100x100_sweep/continue_20260702_225027/continue_0001_mid250_from_best_mt0525_lr5e6_u24/metrics.jsonl	runs/bridge_100x100_sweep/continue_20260702_225027/continue_0001_mid250_from_best_mt0525_lr5e6_u24/summary.json	219.25	0.877	0.25	54.0	55.0	13.5	11.152387619018555	75.25	0.8713501897745032	8192.0	.	.
runs/bridge_100x100_sweep/continue_20260702_225027/continue_0002_mid250_from_best_mt060_lr5e6_u16	hundred-bridge-maze-stress	config.json;metrics.jsonl;summary.json;train_result.json	runs/bridge_100x100_sweep/continue_20260702_225027/continue_0002_mid250_from_best_mt060_lr5e6_u16/summary.json	.	runs/bridge_100x100_sweep/continue_20260702_225027/continue_0002_mid250_from_best_mt060_lr5e6_u16/train_result.json	runs/bridge_100x100_sweep/continue_20260702_225027/continue_0002_mid250_from_best_mt060_lr5e6_u16/config.json	.	.	runs/bridge_100x100_sweep/continue_20260702_225027/continue_0002_mid250_from_best_mt060_lr5e6_u16/metrics.jsonl	runs/bridge_100x100_sweep/continue_20260702_225027/continue_0002_mid250_from_best_mt060_lr5e6_u16/summary.json	218.25	0.873	0.0	22.0	36.0	5.5	2.9354615211486816	22.0	0.7275	12288.0	.	.
runs/bridge_100x100_sweep/continue_20260702_225027/continue_0003_hard375_from_best_mt050_lr5e6_u16	hundred-bridge-maze-stress	config.json;metrics.jsonl;summary.json;train_result.json	runs/bridge_100x100_sweep/continue_20260702_225027/continue_0003_hard375_from_best_mt050_lr5e6_u16/summary.json	.	runs/bridge_100x100_sweep/continue_20260702_225027/continue_0003_hard375_from_best_mt050_lr5e6_u16/train_result.json	runs/bridge_100x100_sweep/continue_20260702_225027/continue_0003_hard375_from_best_mt050_lr5e6_u16/config.json	.	.	runs/bridge_100x100_sweep/continue_20260702_225027/continue_0003_hard375_from_best_mt050_lr5e6_u16/metrics.jsonl	runs/bridge_100x100_sweep/continue_20260702_225027/continue_0003_hard375_from_best_mt050_lr5e6_u16/summary.json	372.5	0.9933333333333334	0.75	5.0	40.0	1.25	-1.2773267030715942	97.5	1.565027507351373	12288.0	.	.
runs/bridge_100x100_sweep/sweep_20260702_222315/bridge_0000_easy_mt0525_lr1e5_u8	hundred-bridge-maze-stress	config.json;metrics.jsonl;summary.json;train_result.json	runs/bridge_100x100_sweep/sweep_20260702_222315/bridge_0000_easy_mt0525_lr1e5_u8/summary.json	.	runs/bridge_100x100_sweep/sweep_20260702_222315/bridge_0000_easy_mt0525_lr1e5_u8/train_result.json	runs/bridge_100x100_sweep/sweep_20260702_222315/bridge_0000_easy_mt0525_lr1e5_u8/config.json	.	.	runs/bridge_100x100_sweep/sweep_20260702_222315/bridge_0000_easy_mt0525_lr1e5_u8/metrics.jsonl	runs/bridge_100x100_sweep/sweep_20260702_222315/bridge_0000_easy_mt0525_lr1e5_u8/summary.json	115.0	0.9199999999999999	0.5	42.0	44.0	10.5	8.049858093261719	41.25	1.1713630575331406	8192.0	.	.
runs/bridge_100x100_sweep/sweep_20260702_222315/bridge_0001_easy_mt050_lr1e5_u8	hundred-bridge-maze-stress	config.json;metrics.jsonl;summary.json;train_result.json	runs/bridge_100x100_sweep/sweep_20260702_222315/bridge_0001_easy_mt050_lr1e5_u8/summary.json	.	runs/bridge_100x100_sweep/sweep_20260702_222315/bridge_0001_easy_mt050_lr1e5_u8/train_result.json	runs/bridge_100x100_sweep/sweep_20260702_222315/bridge_0001_easy_mt050_lr1e5_u8/config.json	.	.	runs/bridge_100x100_sweep/sweep_20260702_222315/bridge_0001_easy_mt050_lr1e5_u8/metrics.jsonl	runs/bridge_100x100_sweep/sweep_20260702_222315/bridge_0001_easy_mt050_lr1e5_u8/summary.json	101.25	0.81	0.25	0.0	22.0	0.0	-2.754268169403076	119.5	1.207015231400117	1024.0	.	.
runs/bridge_100x100_sweep/sweep_20260702_222315/bridge_0002_easy_mt060_lr1e5_u8	hundred-bridge-maze-stress	config.json;metrics.jsonl;summary.json;train_result.json	runs/bridge_100x100_sweep/sweep_20260702_222315/bridge_0002_easy_mt060_lr1e5_u8/summary.json	.	runs/bridge_100x100_sweep/sweep_20260702_222315/bridge_0002_easy_mt060_lr1e5_u8/train_result.json	runs/bridge_100x100_sweep/sweep_20260702_222315/bridge_0002_easy_mt060_lr1e5_u8/config.json	.	.	runs/bridge_100x100_sweep/sweep_20260702_222315/bridge_0002_easy_mt060_lr1e5_u8/metrics.jsonl	runs/bridge_100x100_sweep/sweep_20260702_222315/bridge_0002_easy_mt060_lr1e5_u8/summary.json	115.0	0.9199999999999999	0.5	58.0	60.0	14.5	12.213315963745117	110.0	0.8158057430085285	1024.0	.	.
runs/bridge_100x100_sweep/sweep_20260702_222315/bridge_0003_easy_mt0525_lr5e6_u16	hundred-bridge-maze-stress	config.json;metrics.jsonl;summary.json;train_result.json	runs/bridge_100x100_sweep/sweep_20260702_222315/bridge_0003_easy_mt0525_lr5e6_u16/summary.json	.	runs/bridge_100x100_sweep/sweep_20260702_222315/bridge_0003_easy_mt0525_lr5e6_u16/train_result.json	runs/bridge_100x100_sweep/sweep_20260702_222315/bridge_0003_easy_mt0525_lr5e6_u16/config.json	.	.	runs/bridge_100x100_sweep/sweep_20260702_222315/bridge_0003_easy_mt0525_lr5e6_u16/metrics.jsonl	runs/bridge_100x100_sweep/sweep_20260702_222315/bridge_0003_easy_mt0525_lr5e6_u16/summary.json	124.25	0.994	0.75	2.0	2.0	0.5	-2.518951654434204	125.0	0.9387235080813028	16384.0	.	.
runs/bridge_100x100_sweep/sweep_20260702_222315/bridge_0004_mid_mt0525_lr1e5_u10	hundred-bridge-maze-stress	config.json;metrics.jsonl;summary.json;train_result.json	runs/bridge_100x100_sweep/sweep_20260702_222315/bridge_0004_mid_mt0525_lr1e5_u10/summary.json	.	runs/bridge_100x100_sweep/sweep_20260702_222315/bridge_0004_mid_mt0525_lr1e5_u10/train_result.json	runs/bridge_100x100_sweep/sweep_20260702_222315/bridge_0004_mid_mt0525_lr1e5_u10/config.json	.	.	runs/bridge_100x100_sweep/sweep_20260702_222315/bridge_0004_mid_mt0525_lr1e5_u10/metrics.jsonl	runs/bridge_100x100_sweep/sweep_20260702_222315/bridge_0004_mid_mt0525_lr1e5_u10/summary.json	233.5	0.9339999999999999	0.5	119.0	117.0	29.75	28.190383911132812	132.75	1.0398028109220439	4096.0	.	.
runs/bridge_100x100_sweep/sweep_20260702_222315/bridge_0005_mid_mt050_lr1e5_u10	hundred-bridge-maze-stress	config.json;metrics.jsonl;summary.json;train_result.json	runs/bridge_100x100_sweep/sweep_20260702_222315/bridge_0005_mid_mt050_lr1e5_u10/summary.json	.	runs/bridge_100x100_sweep/sweep_20260702_222315/bridge_0005_mid_mt050_lr1e5_u10/train_result.json	runs/bridge_100x100_sweep/sweep_20260702_222315/bridge_0005_mid_mt050_lr1e5_u10/config.json	.	.	runs/bridge_100x100_sweep/sweep_20260702_222315/bridge_0005_mid_mt050_lr1e5_u10/metrics.jsonl	runs/bridge_100x100_sweep/sweep_20260702_222315/bridge_0005_mid_mt050_lr1e5_u10/summary.json	234.5	0.938	0.75	4.0	8.0	1.0	-1.9520788192749023	66.25	0.9788645618647355	10240.0	.	.
runs/debug/culprit_baseline_lr1e4_250x250	twofifty-frontier-reset	config.json;metrics.jsonl;summary.json	runs/debug/culprit_baseline_lr1e4_250x250/summary.json	.	.	runs/debug/culprit_baseline_lr1e4_250x250/config.json	.	.	runs/debug/culprit_baseline_lr1e4_250x250/metrics.jsonl	runs/debug/culprit_baseline_lr1e4_250x250/summary.json	.	.	.	0.0	0.0	0.0	-0.14477911591529846	5000.0	.	1280.0	.	.
runs/debug/culprit_dist_success0_250x250	twofifty-frontier-reset	config.json;metrics.jsonl;summary.json	runs/debug/culprit_dist_success0_250x250/summary.json	.	.	runs/debug/culprit_dist_success0_250x250/config.json	.	.	runs/debug/culprit_dist_success0_250x250/metrics.jsonl	runs/debug/culprit_dist_success0_250x250/summary.json	.	.	.	152.0	139.0	152.0	170.47500610351562	929.0	.	640.0	.	.
runs/debug/culprit_dist_success100_250x250	twofifty-frontier-reset	config.json;metrics.jsonl;summary.json	runs/debug/culprit_dist_success100_250x250/summary.json	.	.	runs/debug/culprit_dist_success100_250x250/config.json	.	.	runs/debug/culprit_dist_success100_250x250/metrics.jsonl	runs/debug/culprit_dist_success100_250x250/summary.json	.	.	.	2.0	11.0	2.0	0.5675000548362732	4662.0	.	640.0	.	.
runs/debug/healthy_dist_success0_reset_lr25e6_250x250	twofifty-frontier-reset	config.json;metrics.jsonl;summary.json	runs/debug/healthy_dist_success0_reset_lr25e6_250x250/summary.json	.	.	runs/debug/healthy_dist_success0_reset_lr25e6_250x250/config.json	.	.	runs/debug/healthy_dist_success0_reset_lr25e6_250x250/metrics.jsonl	runs/debug/healthy_dist_success0_reset_lr25e6_250x250/summary.json	.	.	.	4822.0	4842.0	4822.0	6319.544921875	158.0	.	640.0	.	.
runs/debug/set_cnn_tiny_restore	twofifty-frontier-reset	config.json;metrics.jsonl;summary.json	runs/debug/set_cnn_tiny_restore/summary.json	.	.	runs/debug/set_cnn_tiny_restore/config.json	.	.	runs/debug/set_cnn_tiny_restore/metrics.jsonl	runs/debug/set_cnn_tiny_restore/summary.json	.	.	.	0.0	0.0	0.0	0.0	2.0	.	16.0	.	.
runs/evaluation/fixed8-reset-boundary-champion-eval-20260630	twofifty-frontier-reset	metrics.jsonl;summary.json	runs/evaluation/fixed8-reset-boundary-champion-eval-20260630/summary.json	.	.	.	.	.	runs/evaluation/fixed8-reset-boundary-champion-eval-20260630/metrics.jsonl	runs/evaluation/fixed8-reset-boundary-champion-eval-20260630/summary.json	.	.	.	"{""last"": 14.0, ""max"": 1245.0, ""mean"": 293.06, ""median"": 157.5, ""min"": 14.0, ""p10"": 47.8, ""p90"": 825.7}"	"{""last"": 19.0, ""max"": 1632.0, ""mean"": 350.88, ""median"": 169.5, ""min"": 19.0, ""p10"": 59.900000000000006, ""p90"": 863.6000000000004}"	.	"{""last"": -54.62250518798828, ""max"": 1506.820068359375, ""mean"": 290.91802491664885, ""median"": 115.68936920166016, ""min"": -54.62250518798828, ""p10"": -5.958500576019284, ""p90"": 889.204901123047}"	.	.	.	.	.
runs/evaluation/source50-rollout-fixed8-resetboundary256-20260630T025326Z	twofifty-frontier-reset	metrics.jsonl;summary.json	runs/evaluation/source50-rollout-fixed8-resetboundary256-20260630T025326Z/summary.json	.	.	.	.	.	runs/evaluation/source50-rollout-fixed8-resetboundary256-20260630T025326Z/metrics.jsonl	runs/evaluation/source50-rollout-fixed8-resetboundary256-20260630T025326Z/summary.json	.	.	.	"{""last"": 13.0, ""max"": 336.0, ""mean"": 149.36, ""median"": 142.5, ""min"": 13.0}"	"{""last"": 81.0, ""max"": 556.0, ""mean"": 295.74, ""median"": 243.0, ""min"": 81.0}"	.	"{""last"": -315.7449951171875, ""max"": 130.98873901367188, ""mean"": -112.50637919902802, ""median"": -124.35313034057617, ""min"": -315.7449951171875}"	.	.	.	.	.
runs/notebooks/ant_count_25x25_3_bits/2_ants	ant-count-25x25-autoresearch	config.json;metrics.jsonl;summary.json	runs/notebooks/ant_count_25x25_3_bits/2_ants/summary.json	.	.	runs/notebooks/ant_count_25x25_3_bits/2_ants/config.json	.	.	runs/notebooks/ant_count_25x25_3_bits/2_ants/metrics.jsonl	runs/notebooks/ant_count_25x25_3_bits/2_ants/summary.json	.	.	.	.	.	4.8125	7.78749942779541	.	.	2560000.0	.	.
runs/notebooks/ant_count_25x25_3_bits/3_ants	ant-count-25x25-autoresearch	config.json;metrics.jsonl;summary.json	runs/notebooks/ant_count_25x25_3_bits/3_ants/summary.json	.	.	runs/notebooks/ant_count_25x25_3_bits/3_ants/config.json	.	.	runs/notebooks/ant_count_25x25_3_bits/3_ants/metrics.jsonl	runs/notebooks/ant_count_25x25_3_bits/3_ants/summary.json	.	.	.	.	.	6.8125	10.698749542236328	.	.	2560000.0	.	.
runs/notebooks/ant_count_25x25_3_bits/4_ants	ant-count-25x25-autoresearch	config.json;metrics.jsonl;summary.json	runs/notebooks/ant_count_25x25_3_bits/4_ants/summary.json	.	.	runs/notebooks/ant_count_25x25_3_bits/4_ants/config.json	.	.	runs/notebooks/ant_count_25x25_3_bits/4_ants/metrics.jsonl	runs/notebooks/ant_count_25x25_3_bits/4_ants/summary.json	.	.	.	.	.	7.8125	12.544999122619629	.	.	2560000.0	.	.
runs/notebooks/ant_count_25x25_3_bits/6_ants	ant-count-25x25-autoresearch	config.json;metrics.jsonl;summary.json	runs/notebooks/ant_count_25x25_3_bits/6_ants/summary.json	.	.	runs/notebooks/ant_count_25x25_3_bits/6_ants/config.json	.	.	runs/notebooks/ant_count_25x25_3_bits/6_ants/metrics.jsonl	runs/notebooks/ant_count_25x25_3_bits/6_ants/summary.json	.	.	.	.	.	9.9375	16.12874984741211	.	.	2560000.0	.	.
runs/notebooks/ant_count_25x25_3_bits/8_ants	ant-count-25x25-autoresearch	config.json;metrics.jsonl;summary.json	runs/notebooks/ant_count_25x25_3_bits/8_ants/summary.json	.	.	runs/notebooks/ant_count_25x25_3_bits/8_ants/config.json	.	.	runs/notebooks/ant_count_25x25_3_bits/8_ants/metrics.jsonl	runs/notebooks/ant_count_25x25_3_bits/8_ants/summary.json	.	.	.	.	.	10.875	18.229373931884766	.	.	2560000.0	.	.
runs/notebooks/communication_bits/2_bits	communication-memory-bytes	config.json;metrics.jsonl;summary.json	runs/notebooks/communication_bits/2_bits/summary.json	.	.	runs/notebooks/communication_bits/2_bits/config.json	.	.	runs/notebooks/communication_bits/2_bits/metrics.jsonl	runs/notebooks/communication_bits/2_bits/summary.json	.	.	.	.	.	4.375	6.398124694824219	.	.	12800000.0	.	.
runs/notebooks/communication_bits/3_bits	communication-memory-bytes	config.json;metrics.jsonl;summary.json	runs/notebooks/communication_bits/3_bits/summary.json	.	.	runs/notebooks/communication_bits/3_bits/config.json	.	.	runs/notebooks/communication_bits/3_bits/metrics.jsonl	runs/notebooks/communication_bits/3_bits/summary.json	.	.	.	.	.	4.6875	6.882499694824219	.	.	12800000.0	.	.
runs/notebooks/communication_bits/5_bits	communication-memory-bytes	config.json;metrics.jsonl;summary.json	runs/notebooks/communication_bits/5_bits/summary.json	.	.	runs/notebooks/communication_bits/5_bits/config.json	.	.	runs/notebooks/communication_bits/5_bits/metrics.jsonl	runs/notebooks/communication_bits/5_bits/summary.json	.	.	.	.	.	5.0	7.364999771118164	.	.	12800000.0	.	.
runs/notebooks/communication_bits/8_bits	communication-memory-bytes	config.json;metrics.jsonl;summary.json	runs/notebooks/communication_bits/8_bits/summary.json	.	.	runs/notebooks/communication_bits/8_bits/config.json	.	.	runs/notebooks/communication_bits/8_bits/metrics.jsonl	runs/notebooks/communication_bits/8_bits/summary.json	.	.	.	.	.	4.8125	6.996249675750732	.	.	12800000.0	.	.
runs/notebooks/communication_bits_25x25/2_bits	communication-memory-bytes	config.json;summary.json	runs/notebooks/communication_bits_25x25/2_bits/summary.json	.	.	runs/notebooks/communication_bits_25x25/2_bits/config.json	.	.	.	runs/notebooks/communication_bits_25x25/2_bits/summary.json	.	.	.	.	.	0.4375	0.7243750095367432	.	.	12800000.0	.	.
runs/notebooks/communication_bits_25x25/3_bits	communication-memory-bytes	config.json;summary.json	runs/notebooks/communication_bits_25x25/3_bits/summary.json	.	.	runs/notebooks/communication_bits_25x25/3_bits/config.json	.	.	.	runs/notebooks/communication_bits_25x25/3_bits/summary.json	.	.	.	.	.	0.375	0.669374942779541	.	.	12800000.0	.	.
runs/notebooks/communication_bits_25x25/5_bits	communication-memory-bytes	config.json;summary.json	runs/notebooks/communication_bits_25x25/5_bits/summary.json	.	.	runs/notebooks/communication_bits_25x25/5_bits/config.json	.	.	.	runs/notebooks/communication_bits_25x25/5_bits/summary.json	.	.	.	.	.	0.4375	0.7707070708274841	.	.	12800000.0	.	.
runs/notebooks/communication_bits_25x25/8_bits	communication-memory-bytes	config.json;summary.json	runs/notebooks/communication_bits_25x25/8_bits/summary.json	.	.	runs/notebooks/communication_bits_25x25/8_bits/config.json	.	.	.	runs/notebooks/communication_bits_25x25/8_bits/summary.json	.	.	.	.	.	0.3125	0.6006249785423279	.	.	12800000.0	.	.
runs/notebooks/exploration_to_forage_50x50	source-layout-50x50	config.json;metrics.jsonl;summary.json	runs/notebooks/exploration_to_forage_50x50/summary.json	.	.	runs/notebooks/exploration_to_forage_50x50/config.json	.	.	runs/notebooks/exploration_to_forage_50x50/metrics.jsonl	runs/notebooks/exploration_to_forage_50x50/summary.json	.	.	.	4.0	3.0	0.25	0.2875242531299591	42.1875	.	5120000.0	.	.
runs/notebooks/exploration_to_forage_50x50_efficient	source-layout-50x50	config.json;metrics.jsonl	.	.	.	runs/notebooks/exploration_to_forage_50x50_efficient/config.json	.	.	runs/notebooks/exploration_to_forage_50x50_efficient/metrics.jsonl	.	.	.	.	.	.	.	.	.	.	.	.	.
runs/notebooks/exploration_to_forage_proximity_sources_full_layout_50x50_8ants_half_food_2src_from_best	critic-full-layout-50x50	training_result.json	.	.	runs/notebooks/exploration_to_forage_proximity_sources_full_layout_50x50_8ants_half_food_2src_from_best/training_result.json	.	.	.	.	runs/notebooks/exploration_to_forage_proximity_sources_full_layout_50x50_8ants_half_food_2src_from_best/training_result.json	18.5	0.148	0.0	43.0	43.0	2.6875	2.8218750953674316	104.4375	.	32768000.0	.	.
runs/notebooks/exploration_to_forage_proximity_sources_full_layout_50x50_from_best	critic-full-layout-50x50	training_result.json	.	.	runs/notebooks/exploration_to_forage_proximity_sources_full_layout_50x50_from_best/training_result.json	.	.	.	.	runs/notebooks/exploration_to_forage_proximity_sources_full_layout_50x50_from_best/training_result.json	19.875	0.0795	0.0	12.0	13.0	0.75	0.7906249761581421	249.1875	.	65536000.0	.	.
runs/notebooks/fl50_8ants_half_food_shared_writes_write_cost_x300_6src_from_latest	critic-full-layout-50x50	training_result.json	.	.	runs/notebooks/fl50_8ants_half_food_shared_writes_write_cost_x300_6src_from_latest/training_result.json	.	.	.	.	runs/notebooks/fl50_8ants_half_food_shared_writes_write_cost_x300_6src_from_latest/training_result.json	68.375	0.547	0.0	332.0	318.0	5.1875	1.885976791381836	73.875	.	327680000.0	.	.
runs/notebooks/half_scale_distance_autocurriculum_source_teacher_250x250	twofifty-frontier-reset	config.json;metrics.jsonl;summary.json	runs/notebooks/half_scale_distance_autocurriculum_source_teacher_250x250/summary.json	.	.	runs/notebooks/half_scale_distance_autocurriculum_source_teacher_250x250/config.json	.	.	runs/notebooks/half_scale_distance_autocurriculum_source_teacher_250x250/metrics.jsonl	runs/notebooks/half_scale_distance_autocurriculum_source_teacher_250x250/summary.json	.	.	.	0.0	0.0	0.0	14.641155242919922	4502.0	.	655360.0	.	.
runs/overnight_efficiency_sweep/sweep_20260702_003029/confirmation_64	infra-tests-ci-cleanup	summary.json	runs/overnight_efficiency_sweep/sweep_20260702_003029/confirmation_64/summary.json	.	.	.	.	.	.	runs/overnight_efficiency_sweep/sweep_20260702_003029/confirmation_64/summary.json	120.3125	0.9624999999999999	0.796875	.	.	.	.	.	.	.	.	.
runs/overnight_efficiency_sweep/sweep_20260702_003029/cross_seed_confirm_64_seed6m	infra-tests-ci-cleanup	summary.json	runs/overnight_efficiency_sweep/sweep_20260702_003029/cross_seed_confirm_64_seed6m/summary.json	.	.	.	.	.	.	runs/overnight_efficiency_sweep/sweep_20260702_003029/cross_seed_confirm_64_seed6m/summary.json	122.5	0.98	0.859375	.	.	.	.	.	.	.	.	.
runs/overnight_efficiency_sweep/sweep_20260702_003029/eff_0000_lr5e6_clip03_temp075_u20_seed13	infra-tests-ci-cleanup	train_result.json	.	.	runs/overnight_efficiency_sweep/sweep_20260702_003029/eff_0000_lr5e6_clip03_temp075_u20_seed13/train_result.json	.	.	.	.	runs/overnight_efficiency_sweep/sweep_20260702_003029/eff_0000_lr5e6_clip03_temp075_u20_seed13/train_result.json	118.75	0.95	0.625	240.0	199.0	15.0	12.575121879577637	22.0625	.	81920.0	.	.
runs/overnight_efficiency_sweep/sweep_20260702_003029/eff_0001_lr1e5_clip03_temp075_u20_seed17	infra-tests-ci-cleanup	train_result.json	.	.	runs/overnight_efficiency_sweep/sweep_20260702_003029/eff_0001_lr1e5_clip03_temp075_u20_seed17/train_result.json	.	.	.	.	runs/overnight_efficiency_sweep/sweep_20260702_003029/eff_0001_lr1e5_clip03_temp075_u20_seed17/train_result.json	122.0	0.976	0.75	263.0	282.0	16.4375	14.280491828918457	32.875	.	81920.0	.	.
runs/overnight_efficiency_sweep/sweep_20260702_003029/eff_0002_lr5e6_clip05_temp075_u40_seed19	infra-tests-ci-cleanup	train_result.json	.	.	runs/overnight_efficiency_sweep/sweep_20260702_003029/eff_0002_lr5e6_clip05_temp075_u40_seed19/train_result.json	.	.	.	.	runs/overnight_efficiency_sweep/sweep_20260702_003029/eff_0002_lr5e6_clip05_temp075_u40_seed19/train_result.json	123.375	0.987	0.5	475.0	557.0	29.6875	28.38503646850586	40.0	.	163840.0	.	.
runs/overnight_efficiency_sweep/sweep_20260702_003029/eff_0003_lr1e5_clip05_temp075_u40_seed23	infra-tests-ci-cleanup	train_result.json	.	.	runs/overnight_efficiency_sweep/sweep_20260702_003029/eff_0003_lr1e5_clip05_temp075_u40_seed23/train_result.json	.	.	.	.	runs/overnight_efficiency_sweep/sweep_20260702_003029/eff_0003_lr1e5_clip05_temp075_u40_seed23/train_result.json	110.875	0.887	0.5	511.0	607.0	31.9375	30.785919189453125	46.5	.	163840.0	.	.
runs/overnight_efficiency_sweep/sweep_20260702_003029/eff_0004_lr2e5_clip03_temp075_u20_seed29	infra-tests-ci-cleanup	train_result.json	.	.	runs/overnight_efficiency_sweep/sweep_20260702_003029/eff_0004_lr2e5_clip03_temp075_u20_seed29/train_result.json	.	.	.	.	runs/overnight_efficiency_sweep/sweep_20260702_003029/eff_0004_lr2e5_clip03_temp075_u20_seed29/train_result.json	124.5	0.996	0.875	260.0	252.0	16.25	13.997138023376465	15.9375	.	81920.0	.	.
runs/overnight_efficiency_sweep/sweep_20260702_003029/eff_0005_lr5e6_clip03_temp065_u40_seed31	infra-tests-ci-cleanup	train_result.json	.	.	runs/overnight_efficiency_sweep/sweep_20260702_003029/eff_0005_lr5e6_clip03_temp065_u40_seed31/train_result.json	.	.	.	.	runs/overnight_efficiency_sweep/sweep_20260702_003029/eff_0005_lr5e6_clip03_temp065_u40_seed31/train_result.json	113.0	0.904	0.5	274.0	357.0	17.125	15.202841758728027	37.625	.	163840.0	.	.
runs/overnight_efficiency_sweep/sweep_20260702_003029/eff_0007_lr5e6_clip05_temp09_u40_seed41	infra-tests-ci-cleanup	train_result.json	.	.	runs/overnight_efficiency_sweep/sweep_20260702_003029/eff_0007_lr5e6_clip05_temp09_u40_seed41/train_result.json	.	.	.	.	runs/overnight_efficiency_sweep/sweep_20260702_003029/eff_0007_lr5e6_clip05_temp09_u40_seed41/train_result.json	122.5	0.98	0.75	302.0	456.0	18.875	17.259929656982422	75.5	.	163840.0	.	.
runs/overnight_efficiency_sweep/sweep_20260702_003029/eff_0008_lr1e5_clip08_temp075_u40_seed43	infra-tests-ci-cleanup	train_result.json	.	.	runs/overnight_efficiency_sweep/sweep_20260702_003029/eff_0008_lr1e5_clip08_temp075_u40_seed43/train_result.json	.	.	.	.	runs/overnight_efficiency_sweep/sweep_20260702_003029/eff_0008_lr1e5_clip08_temp075_u40_seed43/train_result.json	121.0	0.968	0.75	590.0	713.0	36.875	36.06346893310547	42.5	.	163840.0	.	.
runs/overnight_efficiency_sweep/sweep_20260702_003029/eff_0009_lr5e6_clip03_temp075_noanneal_u40_seed47	infra-tests-ci-cleanup	train_result.json	.	.	runs/overnight_efficiency_sweep/sweep_20260702_003029/eff_0009_lr5e6_clip03_temp075_noanneal_u40_seed47/train_result.json	.	.	.	.	runs/overnight_efficiency_sweep/sweep_20260702_003029/eff_0009_lr5e6_clip03_temp075_noanneal_u40_seed47/train_result.json	109.125	0.873	0.5	392.0	552.0	24.5	23.18023681640625	45.25	.	163840.0	.	.
runs/overnight_efficiency_sweep/sweep_20260702_003029/eff_0010_lr1e5_clip03_temp075_noanneal_u40_seed53	infra-tests-ci-cleanup	train_result.json	.	.	runs/overnight_efficiency_sweep/sweep_20260702_003029/eff_0010_lr1e5_clip03_temp075_noanneal_u40_seed53/train_result.json	.	.	.	.	runs/overnight_efficiency_sweep/sweep_20260702_003029/eff_0010_lr1e5_clip03_temp075_noanneal_u40_seed53/train_result.json	122.875	0.983	0.75	337.0	354.0	21.0625	19.11864471435547	36.625	.	163840.0	.	.
runs/overnight_efficiency_sweep/sweep_20260702_003029/eff_0011_lr5e6_clip03_temp075_u60_eval16_seed59	infra-tests-ci-cleanup	train_result.json	.	.	runs/overnight_efficiency_sweep/sweep_20260702_003029/eff_0011_lr5e6_clip03_temp075_u60_eval16_seed59/train_result.json	.	.	.	.	runs/overnight_efficiency_sweep/sweep_20260702_003029/eff_0011_lr5e6_clip03_temp075_u60_eval16_seed59/train_result.json	123.1875	0.9855	0.5625	273.0	246.0	17.0625	14.790124893188477	29.0	.	245760.0	.	.
runs/overnight_efficiency_sweep/sweep_20260702_003029/eff_0012_lr1e5_clip03_temp075_u60_eval16_seed61	infra-tests-ci-cleanup	train_result.json	.	.	runs/overnight_efficiency_sweep/sweep_20260702_003029/eff_0012_lr1e5_clip03_temp075_u60_eval16_seed61/train_result.json	.	.	.	.	runs/overnight_efficiency_sweep/sweep_20260702_003029/eff_0012_lr1e5_clip03_temp075_u60_eval16_seed61/train_result.json	110.3125	0.8825000000000001	0.4375	366.0	321.0	22.875	20.833045959472656	43.1875	.	245760.0	.	.
runs/overnight_efficiency_sweep/sweep_20260702_003029/eff_0013_lr5e6_clip02_temp075_u40_seed67	infra-tests-ci-cleanup	train_result.json	.	.	runs/overnight_efficiency_sweep/sweep_20260702_003029/eff_0013_lr5e6_clip02_temp075_u40_seed67/train_result.json	.	.	.	.	runs/overnight_efficiency_sweep/sweep_20260702_003029/eff_0013_lr5e6_clip02_temp075_u40_seed67/train_result.json	112.875	0.903	0.5	443.0	501.0	27.6875	26.208866119384766	41.25	.	163840.0	.	.
runs/overnight_efficiency_sweep/sweep_20260702_003029/eff_0014_lr1e5_clip05_temp075_epoch2_u20_seed71	infra-tests-ci-cleanup	train_result.json	.	.	runs/overnight_efficiency_sweep/sweep_20260702_003029/eff_0014_lr1e5_clip05_temp075_epoch2_u20_seed71/train_result.json	.	.	.	.	runs/overnight_efficiency_sweep/sweep_20260702_003029/eff_0014_lr1e5_clip05_temp075_epoch2_u20_seed71/train_result.json	118.75	0.95	0.375	179.0	186.0	11.1875	8.72755241394043	21.8125	.	81920.0	.	.
runs/overnight_efficiency_sweep/sweep_20260702_003029/eff_0015_lr5e6_clip03_temp075_u20_seed1023	infra-tests-ci-cleanup	train_result.json	.	.	runs/overnight_efficiency_sweep/sweep_20260702_003029/eff_0015_lr5e6_clip03_temp075_u20_seed1023/train_result.json	.	.	.	.	runs/overnight_efficiency_sweep/sweep_20260702_003029/eff_0015_lr5e6_clip03_temp075_u20_seed1023/train_result.json	123.125	0.985	0.375	202.0	233.0	12.625	10.306938171386719	36.625	.	81920.0	.	.
runs/overnight_efficiency_sweep/sweep_20260702_003029/eff_0016_lr1e5_clip03_temp075_u20_seed1029	infra-tests-ci-cleanup	train_result.json	.	.	runs/overnight_efficiency_sweep/sweep_20260702_003029/eff_0016_lr1e5_clip03_temp075_u20_seed1029/train_result.json	.	.	.	.	runs/overnight_efficiency_sweep/sweep_20260702_003029/eff_0016_lr1e5_clip03_temp075_u20_seed1029/train_result.json	123.5	0.988	0.25	132.0	144.0	8.25	5.651244163513184	28.1875	.	81920.0	.	.
runs/overnight_efficiency_sweep/sweep_20260702_003029/eff_0017_lr5e6_clip05_temp075_u40_seed1031	infra-tests-ci-cleanup	train_result.json	.	.	runs/overnight_efficiency_sweep/sweep_20260702_003029/eff_0017_lr5e6_clip05_temp075_u40_seed1031/train_result.json	.	.	.	.	runs/overnight_efficiency_sweep/sweep_20260702_003029/eff_0017_lr5e6_clip05_temp075_u40_seed1031/train_result.json	121.875	0.975	0.625	585.0	725.0	36.5625	35.789093017578125	42.6875	.	163840.0	.	.
runs/overnight_efficiency_sweep/sweep_20260702_003029/eff_0018_lr1e5_clip05_temp075_u40_seed1037	infra-tests-ci-cleanup	train_result.json	.	.	runs/overnight_efficiency_sweep/sweep_20260702_003029/eff_0018_lr1e5_clip05_temp075_u40_seed1037/train_result.json	.	.	.	.	runs/overnight_efficiency_sweep/sweep_20260702_003029/eff_0018_lr1e5_clip05_temp075_u40_seed1037/train_result.json	118.5	0.948	0.375	215.0	405.0	13.4375	11.666479110717773	51.125	.	163840.0	.	.
runs/overnight_efficiency_sweep/sweep_20260702_003029/eff_0019_lr2e5_clip03_temp075_u20_seed1041	infra-tests-ci-cleanup	train_result.json	.	.	runs/overnight_efficiency_sweep/sweep_20260702_003029/eff_0019_lr2e5_clip03_temp075_u20_seed1041/train_result.json	.	.	.	.	runs/overnight_efficiency_sweep/sweep_20260702_003029/eff_0019_lr2e5_clip03_temp075_u20_seed1041/train_result.json	120.625	0.965	0.625	273.0	249.0	17.0625	14.793404579162598	19.0625	.	81920.0	.	.
runs/overnight_efficiency_sweep/sweep_20260702_003029/eff_0020_lr5e6_clip03_temp065_u40_seed1043	infra-tests-ci-cleanup	train_result.json	.	.	runs/overnight_efficiency_sweep/sweep_20260702_003029/eff_0020_lr5e6_clip03_temp065_u40_seed1043/train_result.json	.	.	.	.	runs/overnight_efficiency_sweep/sweep_20260702_003029/eff_0020_lr5e6_clip03_temp065_u40_seed1043/train_result.json	124.375	0.995	0.75	471.0	638.0	29.4375	28.395647048950195	45.9375	.	163840.0	.	.
runs/overnight_efficiency_sweep/sweep_20260702_003029/eff_0021_lr1e5_clip03_temp065_u40_seed1047	infra-tests-ci-cleanup	train_result.json	.	.	runs/overnight_efficiency_sweep/sweep_20260702_003029/eff_0021_lr1e5_clip03_temp065_u40_seed1047/train_result.json	.	.	.	.	runs/overnight_efficiency_sweep/sweep_20260702_003029/eff_0021_lr1e5_clip03_temp065_u40_seed1047/train_result.json	122.75	0.982	0.625	433.0	481.0	27.0625	25.529048919677734	43.8125	.	163840.0	.	.
runs/overnight_efficiency_sweep/sweep_20260702_003029/eff_0022_lr5e6_clip05_temp09_u40_seed1053	infra-tests-ci-cleanup	train_result.json	.	.	runs/overnight_efficiency_sweep/sweep_20260702_003029/eff_0022_lr5e6_clip05_temp09_u40_seed1053/train_result.json	.	.	.	.	runs/overnight_efficiency_sweep/sweep_20260702_003029/eff_0022_lr5e6_clip05_temp09_u40_seed1053/train_result.json	123.875	0.991	0.75	259.0	436.0	16.1875	14.511686325073242	87.375	.	163840.0	.	.
runs/overnight_efficiency_sweep/sweep_20260702_003029/eff_0023_lr1e5_clip08_temp075_u40_seed1059	infra-tests-ci-cleanup	train_result.json	.	.	runs/overnight_efficiency_sweep/sweep_20260702_003029/eff_0023_lr1e5_clip08_temp075_u40_seed1059/train_result.json	.	.	.	.	runs/overnight_efficiency_sweep/sweep_20260702_003029/eff_0023_lr1e5_clip08_temp075_u40_seed1059/train_result.json	116.0	0.9279999999999999	0.625	142.0	234.0	8.875	6.561628341674805	46.6875	.	163840.0	.	.
runs/overnight_efficiency_sweep/sweep_20260702_003029/eff_0024_lr5e6_clip03_temp075_noanneal_u40_seed1061	infra-tests-ci-cleanup	train_result.json	.	.	runs/overnight_efficiency_sweep/sweep_20260702_003029/eff_0024_lr5e6_clip03_temp075_noanneal_u40_seed1061/train_result.json	.	.	.	.	runs/overnight_efficiency_sweep/sweep_20260702_003029/eff_0024_lr5e6_clip03_temp075_noanneal_u40_seed1061/train_result.json	125.0	1.0	1.0	214.0	347.0	13.375	11.412688255310059	56.875	.	163840.0	.	.
runs/overnight_efficiency_sweep/sweep_20260702_003029/eff_0025_lr1e5_clip03_temp075_noanneal_u40_seed1067	infra-tests-ci-cleanup	train_result.json	.	.	runs/overnight_efficiency_sweep/sweep_20260702_003029/eff_0025_lr1e5_clip03_temp075_noanneal_u40_seed1067/train_result.json	.	.	.	.	runs/overnight_efficiency_sweep/sweep_20260702_003029/eff_0025_lr1e5_clip03_temp075_noanneal_u40_seed1067/train_result.json	122.25	0.978	0.5	453.0	558.0	28.3125	27.010879516601562	45.3125	.	163840.0	.	.
runs/overnight_efficiency_sweep/sweep_20260702_003029/eff_0026_lr5e6_clip03_temp075_u60_eval16_seed1071	infra-tests-ci-cleanup	train_result.json	.	.	runs/overnight_efficiency_sweep/sweep_20260702_003029/eff_0026_lr5e6_clip03_temp075_u60_eval16_seed1071/train_result.json	.	.	.	.	runs/overnight_efficiency_sweep/sweep_20260702_003029/eff_0026_lr5e6_clip03_temp075_u60_eval16_seed1071/train_result.json	122.0	0.976	0.625	105.0	90.0	6.5625	3.8002700805664062	20.8125	.	245760.0	.	.
runs/overnight_efficiency_sweep/sweep_20260702_003029/eff_0027_lr1e5_clip03_temp075_u60_eval16_seed1013	infra-tests-ci-cleanup	train_result.json	.	.	runs/overnight_efficiency_sweep/sweep_20260702_003029/eff_0027_lr1e5_clip03_temp075_u60_eval16_seed1013/train_result.json	.	.	.	.	runs/overnight_efficiency_sweep/sweep_20260702_003029/eff_0027_lr1e5_clip03_temp075_u60_eval16_seed1013/train_result.json	121.5	0.972	0.5625	210.0	193.0	13.125	10.676506042480469	22.1875	.	245760.0	.	.
runs/overnight_efficiency_sweep/sweep_20260702_003029/fine_temp_sweep_64_seed5m	infra-tests-ci-cleanup	summary.json	runs/overnight_efficiency_sweep/sweep_20260702_003029/fine_temp_sweep_64_seed5m/summary.json	.	.	.	.	.	.	runs/overnight_efficiency_sweep/sweep_20260702_003029/fine_temp_sweep_64_seed5m/summary.json	121.671875	0.973375	0.875	.	.	.	.	.	.	.	.	.
runs/smoke/20260612T001519Z	infra-tests-ci-cleanup	config.json;metrics.jsonl;summary.json	runs/smoke/20260612T001519Z/summary.json	.	.	runs/smoke/20260612T001519Z/config.json	.	.	runs/smoke/20260612T001519Z/metrics.jsonl	runs/smoke/20260612T001519Z/summary.json	.	.	.	.	.	.	0.25	.	.	8.0	.	.
runs/smoke_transfer/communication_bits/20260612T125520Z	communication-memory-bytes	config.json;metrics.jsonl;summary.json	runs/smoke_transfer/communication_bits/20260612T125520Z/summary.json	.	.	runs/smoke_transfer/communication_bits/20260612T125520Z/config.json	.	.	runs/smoke_transfer/communication_bits/20260612T125520Z/metrics.jsonl	runs/smoke_transfer/communication_bits/20260612T125520Z/summary.json	.	.	.	.	.	0.0	0.0	.	.	4.0	.	.
runs/training/fixed8-rb256-byte-decay-hl256-from-rbfinal-250x250/fixed8-rb256-byte-decay-hl256-from-rbfinal-20260630T035740Z	twofifty-frontier-reset	config.json;metrics.jsonl;summary.json;training_result.json	runs/training/fixed8-rb256-byte-decay-hl256-from-rbfinal-250x250/fixed8-rb256-byte-decay-hl256-from-rbfinal-20260630T035740Z/summary.json	.	runs/training/fixed8-rb256-byte-decay-hl256-from-rbfinal-250x250/fixed8-rb256-byte-decay-hl256-from-rbfinal-20260630T035740Z/training_result.json	runs/training/fixed8-rb256-byte-decay-hl256-from-rbfinal-250x250/fixed8-rb256-byte-decay-hl256-from-rbfinal-20260630T035740Z/config.json	.	.	runs/training/fixed8-rb256-byte-decay-hl256-from-rbfinal-250x250/fixed8-rb256-byte-decay-hl256-from-rbfinal-20260630T035740Z/metrics.jsonl	runs/training/fixed8-rb256-byte-decay-hl256-from-rbfinal-250x250/fixed8-rb256-byte-decay-hl256-from-rbfinal-20260630T035740Z/summary.json	.	.	.	553.0	741.0	553.0	578.0075073242188	4259.0	553.0	331520.0	.	.
runs/training/half_scale_distance_autocurriculum_source_teacher_250x250/diagnosis-20260629T180430Z	twofifty-frontier-reset	config.json;metrics.jsonl	.	.	.	runs/training/half_scale_distance_autocurriculum_source_teacher_250x250/diagnosis-20260629T180430Z/config.json	.	.	runs/training/half_scale_distance_autocurriculum_source_teacher_250x250/diagnosis-20260629T180430Z/metrics.jsonl	.	.	.	.	.	.	.	.	.	.	.	.	.
runs/training/half_scale_distance_autocurriculum_source_teacher_250x250/diagnosis-20260629T180833Z	twofifty-frontier-reset	config.json;metrics.jsonl;summary.json;training_result.json	runs/training/half_scale_distance_autocurriculum_source_teacher_250x250/diagnosis-20260629T180833Z/summary.json	.	runs/training/half_scale_distance_autocurriculum_source_teacher_250x250/diagnosis-20260629T180833Z/training_result.json	runs/training/half_scale_distance_autocurriculum_source_teacher_250x250/diagnosis-20260629T180833Z/config.json	.	.	runs/training/half_scale_distance_autocurriculum_source_teacher_250x250/diagnosis-20260629T180833Z/metrics.jsonl	runs/training/half_scale_distance_autocurriculum_source_teacher_250x250/diagnosis-20260629T180833Z/summary.json	.	.	.	0.0	0.0	0.0	26.25146484375	4450.0	.	655360.0	.	.
runs/training/half_scale_distance_autocurriculum_source_teacher_250x250/diagnosis-probe-20260629T180711Z	twofifty-frontier-reset	config.json;metrics.jsonl;summary.json;training_result.json	runs/training/half_scale_distance_autocurriculum_source_teacher_250x250/diagnosis-probe-20260629T180711Z/summary.json	.	runs/training/half_scale_distance_autocurriculum_source_teacher_250x250/diagnosis-probe-20260629T180711Z/training_result.json	runs/training/half_scale_distance_autocurriculum_source_teacher_250x250/diagnosis-probe-20260629T180711Z/config.json	.	.	runs/training/half_scale_distance_autocurriculum_source_teacher_250x250/diagnosis-probe-20260629T180711Z/metrics.jsonl	runs/training/half_scale_distance_autocurriculum_source_teacher_250x250/diagnosis-probe-20260629T180711Z/summary.json	.	.	.	1730.0	1934.0	1433.0	1587.60595703125	4397.0	.	64.0	.	.
runs/training/half_scale_distance_fixed8_source_reset_boundary_256_250x250/fixed8-reset-boundary256-20260629T214228Z	twofifty-frontier-reset	config.json;metrics.jsonl;summary.json;training_result.json	runs/training/half_scale_distance_fixed8_source_reset_boundary_256_250x250/fixed8-reset-boundary256-20260629T214228Z/summary.json	.	runs/training/half_scale_distance_fixed8_source_reset_boundary_256_250x250/fixed8-reset-boundary256-20260629T214228Z/training_result.json	runs/training/half_scale_distance_fixed8_source_reset_boundary_256_250x250/fixed8-reset-boundary256-20260629T214228Z/config.json	.	.	runs/training/half_scale_distance_fixed8_source_reset_boundary_256_250x250/fixed8-reset-boundary256-20260629T214228Z/metrics.jsonl	runs/training/half_scale_distance_fixed8_source_reset_boundary_256_250x250/fixed8-reset-boundary256-20260629T214228Z/summary.json	.	.	.	1003.0	1279.0	1103.0	1231.75	4982.0	1003.0	270080.0	.	.
runs/training/half_scale_distance_fixed8_source_reset_boundary_512_250x250/fixed8-reset-boundary-20260629T213917Z	twofifty-frontier-reset	config.json;metrics.jsonl	.	.	.	runs/training/half_scale_distance_fixed8_source_reset_boundary_512_250x250/fixed8-reset-boundary-20260629T213917Z/config.json	.	.	runs/training/half_scale_distance_fixed8_source_reset_boundary_512_250x250/fixed8-reset-boundary-20260629T213917Z/metrics.jsonl	.	.	.	.	.	.	.	.	.	.	.	.	.
runs/training/half_scale_distance_fixed8_source_write_entropy_stage_windows_250x250/fixed8-write-entropy-20260629T203325Z	twofifty-frontier-reset	config.json;metrics.jsonl	.	.	.	runs/training/half_scale_distance_fixed8_source_write_entropy_stage_windows_250x250/fixed8-write-entropy-20260629T203325Z/config.json	.	.	runs/training/half_scale_distance_fixed8_source_write_entropy_stage_windows_250x250/fixed8-write-entropy-20260629T203325Z/metrics.jsonl	.	.	.	.	.	.	.	.	.	.	.	.	.
runs/training/half_scale_distance_fixed8_source_write_entropy_stage_windows_250x250/fixed8-write-entropy-foreground-probe	twofifty-frontier-reset	config.json;metrics.jsonl	.	.	.	runs/training/half_scale_distance_fixed8_source_write_entropy_stage_windows_250x250/fixed8-write-entropy-foreground-probe/config.json	.	.	runs/training/half_scale_distance_fixed8_source_write_entropy_stage_windows_250x250/fixed8-write-entropy-foreground-probe/metrics.jsonl	.	.	.	.	.	.	.	.	.	.	.	.	.
runs/training/half_scale_one_food_npc_teacher_from_source_250x250/online-systemd-source-teacher-20260628T204020	twofifty-frontier-reset	config.json;metrics.jsonl;summary.json;training_result.json	runs/training/half_scale_one_food_npc_teacher_from_source_250x250/online-systemd-source-teacher-20260628T204020/summary.json	.	runs/training/half_scale_one_food_npc_teacher_from_source_250x250/online-systemd-source-teacher-20260628T204020/training_result.json	runs/training/half_scale_one_food_npc_teacher_from_source_250x250/online-systemd-source-teacher-20260628T204020/config.json	.	.	runs/training/half_scale_one_food_npc_teacher_from_source_250x250/online-systemd-source-teacher-20260628T204020/metrics.jsonl	runs/training/half_scale_one_food_npc_teacher_from_source_250x250/online-systemd-source-teacher-20260628T204020/summary.json	.	.	.	15.0	0.0	15.0	14.115671157836914	4798.0	14.115671157836914	1600.0	.	.
runs/training/half_scale_one_food_resnet_actor_warmstart_250x250/online-systemd-20260628T192132Z	twofifty-frontier-reset	config.json;metrics.jsonl;summary.json;training_result.json	runs/training/half_scale_one_food_resnet_actor_warmstart_250x250/online-systemd-20260628T192132Z/summary.json	.	runs/training/half_scale_one_food_resnet_actor_warmstart_250x250/online-systemd-20260628T192132Z/training_result.json	runs/training/half_scale_one_food_resnet_actor_warmstart_250x250/online-systemd-20260628T192132Z/config.json	.	.	runs/training/half_scale_one_food_resnet_actor_warmstart_250x250/online-systemd-20260628T192132Z/metrics.jsonl	runs/training/half_scale_one_food_resnet_actor_warmstart_250x250/online-systemd-20260628T192132Z/summary.json	.	.	.	2.0	0.0	2.0	1.1424000263214111	4738.0	1.1424000263214111	87040.0	.	.
runs/training/half_scale_one_food_resnet_actor_warmstart_250x250/smoke-resnet-compile	twofifty-frontier-reset	config.json	.	.	.	runs/training/half_scale_one_food_resnet_actor_warmstart_250x250/smoke-resnet-compile/config.json	.	.	.	.	.	.	.	.	.	.	.	.	.	.	.	.
runs/training/half_scale_one_food_resnet_actor_warmstart_250x250/smoke-resnet-compile-02	twofifty-frontier-reset	config.json	.	.	.	runs/training/half_scale_one_food_resnet_actor_warmstart_250x250/smoke-resnet-compile-02/config.json	.	.	.	.	.	.	.	.	.	.	.	.	.	.	.	.
runs/training/half_scale_one_food_resnet_actor_warmstart_250x250/smoke-resnet-compile-16steps	twofifty-frontier-reset	config.json;metrics.jsonl;summary.json;training_result.json	runs/training/half_scale_one_food_resnet_actor_warmstart_250x250/smoke-resnet-compile-16steps/summary.json	.	runs/training/half_scale_one_food_resnet_actor_warmstart_250x250/smoke-resnet-compile-16steps/training_result.json	runs/training/half_scale_one_food_resnet_actor_warmstart_250x250/smoke-resnet-compile-16steps/config.json	.	.	runs/training/half_scale_one_food_resnet_actor_warmstart_250x250/smoke-resnet-compile-16steps/metrics.jsonl	runs/training/half_scale_one_food_resnet_actor_warmstart_250x250/smoke-resnet-compile-16steps/summary.json	.	.	.	0.0	0.0	0.0	-1.6123749017715454	5000.0	-1.6123749017715454	16.0	.	.
runs/training/hs250_d16_trunc4096_from_685best/continuation-20260703T1455Z	twofifty-frontier-reset	config.json;metrics.jsonl	.	.	.	runs/training/hs250_d16_trunc4096_from_685best/continuation-20260703T1455Z/config.json	.	.	runs/training/hs250_d16_trunc4096_from_685best/continuation-20260703T1455Z/metrics.jsonl	.	.	.	.	.	.	.	.	.	.	.	.	.
runs/training/hs250_reasonable_trunc4096_from_frontier/overnight-20260703T0245Z	twofifty-frontier-reset	config.json;metrics.jsonl;summary.json	runs/training/hs250_reasonable_trunc4096_from_frontier/overnight-20260703T0245Z/summary.json	.	.	runs/training/hs250_reasonable_trunc4096_from_frontier/overnight-20260703T0245Z/config.json	.	.	runs/training/hs250_reasonable_trunc4096_from_frontier/overnight-20260703T0245Z/metrics.jsonl	runs/training/hs250_reasonable_trunc4096_from_frontier/overnight-20260703T0245Z/summary.json	.	.	.	685.0	695.0	501.0	579.5118408203125	4990.0	685.0	651520.0	.	.
runs/training/nodecay-burnin-frontier12-rb256-from-rbfinal-250x250/burnin-frontier12-20260630T142509Z	twofifty-frontier-reset	config.json;metrics.jsonl	.	.	.	runs/training/nodecay-burnin-frontier12-rb256-from-rbfinal-250x250/burnin-frontier12-20260630T142509Z/config.json	.	.	runs/training/nodecay-burnin-frontier12-rb256-from-rbfinal-250x250/burnin-frontier12-20260630T142509Z/metrics.jsonl	.	.	.	.	.	.	.	.	.	.	.	.	.
runs/training/nodecay-stratified-longwindow-d12-from-rbfinal-250x250/SMOKE_STRATIFIED_GPU	twofifty-frontier-reset	config.json;metrics.jsonl	.	.	.	runs/training/nodecay-stratified-longwindow-d12-from-rbfinal-250x250/SMOKE_STRATIFIED_GPU/config.json	.	.	runs/training/nodecay-stratified-longwindow-d12-from-rbfinal-250x250/SMOKE_STRATIFIED_GPU/metrics.jsonl	.	.	.	.	.	.	.	.	.	.	.	.	.
